id_cell,n_samples,Area_grid_tot_Urba,ValueSPred_Urba,Area_grid_tot_For,ValueSPred_For,Area_grid_tot_CC,ValueSPred_CC,Area_grid_tot_M,ValueSPred_M,Area_grid_tot_ZH,ValueSPred_ZH,mean_concentration_air_grid_max,mean_tii_grid_max,mean_tii_scale_grid_max,mean_concentration_water_grid_max,all_pesticide_exposure_grid_max,mean_concentration_air_grid_sum,mean_tii_grid_sum,mean_tii_scale_grid_sum,mean_concentration_water_grid_sum,all_pesticide_exposure_grid_sum,SurfBio_cell,nb_exp_cell,Long_route,nb_roads,Lum_max,Lum_median,Lum_mean,Lum_min
106421,792,0.0,,0.0,1.174143688571392e-09,-0.847986931731043,3.8919563161808597,1.6471561920967898e-07,-3.502037389455256e-07,,,-1.3082147887806583,-0.16190504033181116,-0.1619050403318024,0.36860090533015233,-0.35701363612409387,-1.0879014346998503,0.04229328287734758,0.042293282877302274,0.5919947355329602,-0.5626620446792726,1.2728329666183578,1.258679214296383,-3.619178559492651,-1.5565283926095077,1.7292917384169044,-0.4204437502779346,-1.8971732669195134,-0.7270321004531878
99623,792,,,0.0,-4.294774814298371e-11,-0.5363257042800476,0.12809691173751156,5.181728552723289e-09,-0.0007142215073606712,,,0.10513533910513245,-0.35326914029836287,-0.35326914029847084,0.6846971440760323,-0.5759127909702885,0.28000232661834534,-0.0015968143135798925,-0.001596814313467546,0.6846971440760192,-0.761932444048377,-1.1092161288041493,-1.4307305177042797,-0.7737896794343294,0.6467173787185478,-1.5008188526144188,2.135178029690826,-0.41842035707712344,0.0
91384,792,0.0,,0.0,-6.011723250888787e-10,1.080414434094223,0.33042442475847084,-1.6300330051044842,0.5673870663702382,1.418496542913034e-06,5.729940258507885e-08,-2.306693244845016,0.5688710385753558,0.5688710385754493,-0.7481102600333028,-0.6482017768183629,0.9674199802470691,-1.0601741566789642,-1.0601741566788767,-0.5679365255450531,-0.6112339502959385,0.00023214481833690257,0.46762271987156484,-1.9497191981484774,-0.40620559143686374,-0.20047894813520656,-0.44858920637845306,-2.6640608378188424,2.213232134806088
158721,782,1.0869146958504945e-07,5.165400693071675e-07,0.0,1.2994684995729025e-09,1.1253655865840984e-11,-2.152658686147095e-10,,,,,0.7339026024387192,1.505142276226654,1.505142276226619,-0.025906388052825215,-1.41244280931881,-0.35878487032676304,-0.2882432793165419,-0.28824327931655574,1.302693098195343,-1.3559143538605223,0.0,0.0,0.10606255305000904,-1.3041329685502832,-3.2678392400995357,2.166242073391934,0.22365082885879026,-0.36771081195610766
136308,770,0.17575787051229785,-0.06670079350368861,0.0,-4.4739712725896623e-14,-1.9213243958000177,-0.07346368679665975,-0.03613484401554977,0.025977079351046064,-1.1181189847431947e-07,2.6857853507833532e-08,0.3063370490850033,0.03584481323965849,0.03584481323963945,0.06003222045270485,-1.5204523309941225,1.128989658003947,0.03584481323957067,0.035844813239510234,0.06003222045270394,-0.7457609208402529,0.0,0.0,1.221076124936021,0.8140681809339861,0.5409909334812876,0.30683703787366334,-0.7956002669665745,0.805717971361158
100470,770,-4.2727079196911173e-07,-1.8973974009754805e-08,0.0,-2.7353782020226725e-12,-1.1720229392037054,-0.04101751636284392,8.457030830366655e-08,3.796365706748993e-09,,,-0.6956576309376642,0.02516027043706225,0.025160270436964453,-0.37630330218562913,0.23792132780119216,-1.529187039915531,0.364162591621411,0.36416259162141584,-0.3763033021856294,0.14606730564148573,0.0,0.0,-0.1741348409714764,-0.24852238203167057,0.5711961191715625,0.4044981179574713,0.8496281413123379,-0.9529608919262677
91843,770,0.7802962284456637,0.11018959117657597,0.0,-2.1596228718556327e-10,-0.49833384306425793,0.6279410486229069,-0.06123848024677486,0.20945519269715626,,,0.007069586811572534,-0.06054747089907884,-0.06054747089928111,-3.0424305064123582,-1.8773407663534747,0.748707743430931,-0.060547470899170244,-0.06054747089912137,0.9122116624980892,0.8548314489747733,0.0,0.0,0.8674834758050389,0.021347607562485254,-1.0099515616161645,-1.4620181689664982,-0.3393866941739494,2.107883462597167
151856,770,,,0.0,4.356489114471614e-11,1.5128903611437263,-3.8187293547603787,2.239006064097133e-06,-6.333384499606223e-06,,,0.5207847233756584,-0.39045046897462543,-0.3904504689746716,0.11460374175075105,0.44120442922893255,0.10538373766582028,-0.39045046897466806,-0.3904504689747703,-0.06021457560634719,0.2220719369340618,0.0,0.0,0.18701975746569693,1.0586014556857002,-0.6673969369601304,0.020821375119682264,0.5496268718704271,-0.5101490110628542
118758,770,0.2730664295760841,0.4297897649850786,0.0,-2.088783118788652e-10,-0.772995059238075,-1.266132124912299,-7.878381384280674e-08,-1.417713462153613e-07,,,1.749838552460633,0.015392903073392616,0.015392903073319336,0.0693721081592932,0.7185277330228705,-2.028569947705844,-0.31268788395420827,-0.31268788395398267,0.06937210815935865,-0.7142327732902173,0.0,0.0,-1.6362123153111396,0.26586980719604353,-1.4595938018890593,0.12256564785178496,-0.5138134958083181,-0.06669088104633983
100070,770,,,0.0,1.9705503356774406e-09,0.4898920683507855,2.017793177858665,0.021599963696839582,0.1848986089352168,-2.6560848667728917e-08,3.2356476188962333e-07,0.6365582077935521,-1.1142143096508539,-1.1142143096509174,-0.35611836844579947,-0.3443733136553764,0.38771498904548785,1.0023314112071278,1.002331411207174,-0.5339806583900109,0.38225857687131126,0.0,0.0,-3.1115056965626766,-0.2606944097707638,3.2313164563904087,-4.533937991300957,1.7871231255480744,0.0
82224,770,,,0.0,-1.7749612531364294e-10,-0.42720487520989786,-1.6319293443977414,2.7497011184693486e-07,-9.810690707405876e-08,,,1.0291530149239392,-0.8423072461406004,-0.8423072461405936,-0.20088867106647582,0.4553771004903463,-0.42290452908516635,-1.301071016839426,-1.3010710168394028,-0.20088867106641334,-0.53005858873118,0.0,0.0,0.4011260700444732,-0.8159641662933047,-0.5009624587477888,1.0841164765875178,-0.6839389975640454,-0.6815996655011481
125283,756,,,0.0,1.9755630391489016e-08,-1.951463761602752,-0.14772572681533433,-0.0022268344177812744,0.05512622127187416,,,1.3349395389703957,0.5160640077327935,0.5160640077328653,0.6795861114031493,0.6759316700303413,-2.2271887875554177,0.5160640077330515,0.5160640077329455,0.1779535739678026,-1.106146108330599,-0.29469812981901533,0.12945288075640435,-0.6397293088488156,0.12782435806857023,-0.19710191308145208,-2.6331729330561617,3.151290523612955,0.0
62623,756,-7.739465139384325e-07,6.070910220082478e-08,0.9618265039332881,-0.007704281185721687,1.4385053533349033,-0.05228551444296488,1.1638992838821183e-08,0.03739559354364311,,,-0.44163684807676157,-0.2682271166152437,-0.26822711661469845,-0.2214283336967481,0.9550613712181422,-0.49766975633387645,-0.2682271166150263,-0.26822711661523024,-0.22142833369675008,0.9001629670301595,0.0,0.0,2.9651829546355404,-4.441290048661079,-0.6837445219484243,0.43709143233621733,0.07560836200158422,0.47917311381878275
102369,748,1.356722604740952e-06,-1.3539384152802862e-07,0.0,-4.518767687488246e-10,-1.7389129581268392,-0.7875800750602977,3.955009076637386e-08,0.0720426522880791,,,0.2069086097603814,-0.13215085809318827,-0.13215085809311464,-0.11826968918854343,0.42170792361617293,0.013127086911559971,-0.13215085809313254,-0.1321508580932517,0.04382735794584753,0.39162717270235736,0.0,0.0,-0.2799603614189261,0.7459606777204242,-0.3200906954573501,1.2099581083594328,-2.009601275049494,0.0
118485,748,-1.6764854328941537e-06,1.6694544382989102e-07,0.0,2.5541763283557837e-11,1.4109914212862926,-0.7361601377816608,2.947381351567924e-07,-0.11340656811967391,,,1.2160531099091636,0.6380565787612521,0.6380565787613877,0.09632041103687854,1.4391572755741135,0.30463424289157837,0.5751824640006827,0.5751824640006428,0.0963204110368632,1.2828665487387108,0.0,0.0,-0.7819707677872243,-0.24455095318380227,-1.6634568938010823,-3.3793273395916654,2.013880161846304,0.3556760122015748
132951,748,-0.25576218214274576,0.7283472675316717,,,-0.7974746849754321,-1.2778661124094786,1.7882222056940502,1.9541685836797515,,,3.201160767763721,-0.26034944859279335,-0.26034944859273107,-3.243184815366047,1.1324981707582513,-2.647969896114867,-0.10677611220535899,-0.1067761122053685,-0.30201221923665267,-1.5099086201351526,0.0,0.0,-0.3800577017050153,-4.892428259946531,0.11393059905757931,1.833806566613515,1.3150081303623702,-3.020206239090451
81269,748,0.42986128400046564,0.12416956200386854,0.0,-2.6180048538064086e-10,-1.0042708803573277,-0.7120625245124471,-0.7074859942853359,-0.3164322188162047,,,0.5431999072223507,0.47045544856777355,0.47045544856804494,-0.3962486766134432,-0.5798238894510377,0.6257981307981033,0.47045544856772753,0.4704554485676528,-0.3962486766134429,-0.34714003050672093,0.0,0.0,-1.003446784369331,1.0523800630510933,1.0850671359739887,-0.31231309384214534,-0.8209920920366894,0.3544660106283539
83598,748,-0.0995706764176083,-0.3087569703239817,0.0,5.2586819662998265e-11,0.6105023572393659,-0.648449300716198,0.051610954756518466,0.0867542027772827,,,-0.47214191284551277,-0.04821447207451533,-0.04821447207446898,0.20344167940750116,0.7169107022423798,-0.08060453344156683,-0.06299722350024503,-0.06299722350025656,0.20344167940751284,0.28754266486679414,0.0,0.0,0.25143716401893834,-1.1936675271425083,-0.29260062568888795,-0.2135694322344921,-0.5852233846326432,0.9582987904153456
113831,735,,,0.0,1.1119125072201095e-12,-1.2118345883465742,-0.16999360522973211,-4.4416322054098574e-08,0.02747594456369674,,,1.114159969811026,-0.00873549488218417,-0.008735494881594717,0.3327513045078008,-1.3879003398067455,1.3534388915944662,-0.00873549488193838,-0.008735494882090614,0.33275130450791746,-1.7074191902408582,0.0,0.0,-0.13758161019839277,0.9961963365594452,1.3237523891206335,3.322324134742654,-3.350728083781914,0.0
118816,735,,,0.0,8.859332184768633e-13,0.0,-0.7732219130219565,,,3.6646556117239876e-08,-4.961298707781484e-07,1.949234666393104,-0.17715364361117358,-0.1771536436109836,1.0322030794856343,0.754836124873493,-3.562130844999425,-0.17945935576547548,-0.17945935576538816,-1.8925245504149097,-2.1610263774944327,0.0,0.0,5.46630794106854e-08,0.0,0.4256066292074786,-0.4269432811186316,-0.6351862430522143,0.2570328313997681
127202,735,,,0.0,7.660555444616573e-11,-1.3127772867911733,-1.0708701810163435,-7.077763220598338e-09,-0.016310889136630702,,,-1.6702827078055265,0.7636497405408437,0.7636497405407439,1.6764342754218053,0.6016447656457368,-1.498256293733531,0.7636497405405082,0.7636497405408403,-1.794491008602332,-0.31930684286720296,-0.9076093022927961,0.11127534777890782,0.7510070568780228,0.6545672492124452,-0.09433381871713374,0.4696725105680955,-1.7832860588990485,0.8546789889209649
59239,735,0.0,,0.0,-6.9749556720010095e-09,0.1936590232816074,-1.528145652142429,,,,,-0.253128607338781,-0.23847306570294766,-0.23847306570299465,0.30050692062667667,-0.2891075135834063,-0.5611603942129337,-0.23847406282051575,-0.23847406282051165,0.3025036140838016,-0.2588064588865582,-1.142362150556107,0.29122762833124693,0.49529595547937433,0.09654693938669727,-1.7913105546989678,1.9330298987432706,-2.805661633754078,0.4979237441209325
82107,735,,,0.0,-0.03472295692895879,-0.37088320896852167,0.5064940644820327,,,,,-0.7676260126605092,0.9653533693109121,0.9653533693109916,0.02336000496897177,-0.7052780579952072,0.29731729461124823,0.11130038140608006,0.11130038140620953,0.023360004969003572,-0.7053039014019257,0.0,0.0,-1.6029296409137845,0.4097648738801393,-1.4354385942441363,0.8897668984859173,-1.6487180344994923,1.6967045317780411
123302,726,2.886144968132576,0.7140334043838142,,,3.1922649579679847,-0.8894754180554656,-1.6910790323319844,-0.23712729125016016,,,-2.025375630904945,-0.6806486475241514,-0.6806486475243337,-1.6795458208092582,1.1195266054519706,-2.3281266853922027,-0.3851832235278887,-0.38518322352797385,-0.48758229556652677,-0.33979604040868755,-2.347134287606072,0.04145170133790168,-2.1593239703120415,0.9030065345706866,0.3435656067765846,-2.810849227817025,-2.725736542832824,0.07199907207514802
75902,720,-4.948338490318021,-2.4311705422443,0.0,0.0,-7.481914284130375e-07,-4.215039104637374e-07,0.9097572870345264,0.5814151432379105,,,-0.19690772514824373,0.7643333627014038,0.7643333627016232,-1.910093433508892,3.959984845801939,1.1026950052862834,0.3911040337849426,0.3911040337850859,0.05209354859528706,-0.5178842487249464,0.0,0.0,15.765311911330338,-2.676903075503543,2.8912510798490008,-0.4100326303175215,-2.7946452286672963,7.141744694990544
123773,720,0.0,,0.0,-4.274673735843563e-09,2.7518055796086394,-0.4151398071339787,-0.4449294536658731,1.2022385002306355,,,-0.6399892216580563,-2.169157017621747,-2.1691570176217305,0.8972659594373564,-0.8071980812795487,0.5544832302988337,-2.4314757106930793,-2.4314757106930056,0.8972659594373782,-0.3930583721406908,0.0,0.0,-2.483245836185315,1.8346968398400758,-0.7051260500003433,-1.3658248135075706,-0.12604929393896136,0.0
138144,714,,,0.0,0.0,0.697175928921752,-0.2122775737838844,-0.1988272463679406,-0.1039230794381494,-1.5863191604092492e-08,-8.608122361341986e-09,1.9671400641048096,-0.028714934316118053,-0.028714934315976343,-0.34572174909313863,2.272165000282977,-1.7838968435963547,0.27663662516508497,0.2766366251650442,-0.34572174909314546,1.775205226071129,0.0,0.0,-0.30714960862395574,-0.5551462449604667,-0.5779280029847286,1.7993113574578414,-0.3937253274002733,-0.13269355890797432
89088,714,0.791680000300916,0.5071654325274448,0.0,-0.19060237016678422,-0.9091600462830703,-0.9812529286850792,-0.283181532105132,-1.9992283733464085,,,-0.5881769152042615,0.4078237374584208,0.4078237374585013,0.1954064499321461,-0.5518876232410593,-0.2726510410843999,0.080504669388492,0.08050466938858036,0.4620634268847644,-0.2834529850979431,0.0,0.0,-1.3660574744300211,1.3991834060957746,5.535738631941775,-1.6922279669127183,-2.4774349759212724,-0.8728544446541308
63368,714,0.21599642319915727,0.034017416121624025,,,-0.9724043634428146,-0.1321423198783315,-1.87625110620163e-07,-0.21545852663797793,,,-0.06145748058086477,-0.40387437559271233,-0.40387437559263323,0.5699958807153851,-0.7280476491652352,0.5505420938693837,-0.4029612559483753,-0.4029612559483802,0.5699958807153824,-0.08124932525879892,0.0,0.0,-0.8480983624139502,-0.635747200298581,-1.0479418067964872,-0.20988511171718727,-0.26873780853607276,-0.484257237663134
118725,714,0.18989406709697107,-0.16801569443198155,0.0,0.293363346785465,-2.388699193222943,3.205601372285578,-3.978640927475646e-10,-1.0517745438937502,,,-0.03650704031715575,2.9203363006923118,2.9203363006923078,0.18962658091843207,-0.9475466634011311,-0.742565459099437,-0.042059021436739195,-0.04205902143674962,1.2925083460964377,-0.6410332460734608,1.4749532628598903,1.3147324586385127,0.16974557857918723,0.8802632607831596,-1.244317301361528,1.3677865443928863,1.647196277171781,1.6361294480043822
62163,714,0.9895802501936635,0.5441877896564737,0.0,2.7191694842265517,0.5333556895170388,-0.7921058813839827,-0.01556550915787922,3.433255937784329,,,0.7758590651289222,0.2789272586042469,0.2789272586040878,0.03578334859444789,-1.7438667777093506,0.5940574803468922,0.2789272586042154,0.2789272586042521,0.03578334859444074,0.3280139283608604,0.0,0.0,3.519196469100229,0.7342192753393685,1.0103214351737662,-1.4144459649740018,0.6732853988087072,-0.8049632774968382
119157,713,0.828426604792736,3.356077168883138,0.0,-6.72600794142138e-08,-6.284772533634501,-10.356259275187748,,,0.3699270993366449,3.9747814896851303,0.2860232789471044,-1.9047275860425168,-1.9047275860424726,0.26279964032699316,-0.9070356704270844,-0.45268803081166037,0.475023146395731,0.47502314639584503,0.26279964032700215,-0.2148844574531259,-0.13188074162816585,0.948890169306909,4.482416553370623,-1.5995448383404316,0.23596286169419914,2.634077187443136,1.5710712728259177,-7.872610923660594
117812,713,-2.1545685055210977,6.035914398639825,0.0,2.0978041518107856e-08,-0.02058335708482908,-2.6674942528146444,-0.4770674045187242,0.09350334391982425,-1.200763358438834e-06,2.9667339819281027e-06,-1.4531705065404268,1.2323636241583695,1.2323636241585703,-4.8965834416307,-1.0326641755513457,-1.734627880367834,2.168575745758049,2.16857574575815,-1.258578624220246,-0.13561892628428604,1.4168796352248416,-4.553414364003509,2.1442655277371037,-4.751237035206682,-3.085028089388073,-0.4025027933174674,0.5406168432723497,5.5686202614965765
155948,704,1.1650141210597065,-1.3561599943284042,0.0,0.0,0.5773941347671923,2.7465398475650873,-1.0541458394353467,1.327687797800304,,,0.2261274161850107,-1.009957778218509,-1.0099577782185278,-0.3283044239533057,-0.13558675407706106,2.32160349512424,-1.0099577782183964,-1.0099577782184184,-0.32830442395329124,0.6678110402444029,0.0,0.0,-0.7332159236679057,-1.306696469988006,1.532830013267876,2.154950549192356,2.1979699329675273,-0.985237348452111
104599,700,-2.2036181991572503,-0.4262068786779594,0.0,1.187985347025193e-09,-0.3627649404012984,0.30523595273178866,7.676448793626952e-09,0.543701456571142,,,0.2412072116578793,-0.13180188261761727,-0.1318018826175362,-0.73001410196287,-0.04247856975433879,0.10079720923697172,-0.13660339856508236,-0.13660339856507953,-0.7504846678362082,-0.07522672355022875,0.0,0.0,1.5274605092073876,1.0579947731048678,-3.2271733168227694,4.612370942884551,-0.22516402315006628,-0.857550694001834
104719,700,,,0.0,-8.968705929412776e-11,0.8605484097121847,-0.07923084653979723,-5.279946534604568e-07,6.032134971041516e-08,,,1.0711301107331013,1.0919661605473423,1.0919661605472482,2.084004850286388,2.030406852626052,-0.1843620824308221,-1.36746471041681,-1.3674647104168387,-1.5454833680839992,-1.305834782641065,0.0,0.0,2.3293000652330657e-08,0.0,-1.2083511470796986,-0.49676980687727457,0.16686758596602372,-0.0225889977713726
128335,700,,,0.0,-9.069566434456624e-09,0.0,1.2834525410489883,,,,,1.5271441046447929,1.0525416965504937,1.0525416965506018,0.7377957362677497,1.6212204961960615,-2.351394331741459,-1.2904785807771213,-1.2904785807771657,0.12142864723114835,-1.1181832127497175,0.0,0.0,-0.001001495020627655,-0.1753466782413978,-0.023960975751303373,-0.028074727903582012,-0.7822855644608884,1.244114150330158
148259,700,1.7694236752046835e-07,3.5102146752105426e-06,0.0,-2.9772946048772343e-09,6.259785486040277,2.0991960641737246,0.04500070973950225,-1.1872042899136839,,,-0.3877458165051433,-0.40978973788591994,-0.409789737885875,0.0,-0.5787326417105645,-0.8009286124012881,2.2226386392529625,2.2226386392530797,0.0,0.011836311991268337,0.0,0.0,-0.1779325538883492,0.16547610203205418,2.33124017159917,-0.48055844802497505,-3.4513379052339386,0.4472562635027774
98699,693,0.06308418656699295,-3.6512581745254513,0.0,-3.0261665717508187e-09,-0.06660648928726341,1.3810525362680262,-0.013282547552127481,1.9242765998768092,5.8217930268087335e-09,-3.118163128172495e-07,-0.4545429143933637,0.12951602965106887,0.12951602965105521,0.22621559798902824,-1.108221473301686,-1.0951561352971384,0.5383580319575667,0.5383580319576459,-0.6166947707259686,-0.2568707624087056,0.11050450805961211,0.3415310402735442,-1.0245974153160033,-0.179666469290788,-3.5145606097026243,-0.7809544243870244,-0.6272835758856286,1.3952305257563145
58762,693,-1.593669642018719,0.013856572410762675,0.0,2.0559146909368392e-11,-0.8431833782106414,-0.014158599881882858,0.15993507798156353,-0.0009167969742066719,,,-0.403759199186338,-0.5131954185133445,-0.5131954185131841,0.7424876876872052,0.4113868563602895,-0.5471205936170919,-0.5131954185133857,-0.5131954185133046,0.6354080974956514,-0.010714599871699194,0.0,0.0,0.32145002590309163,0.3485922067329305,0.2590582442410748,-1.306005551827717,-1.225233046956464,0.2070522527563177
85883,693,-6.169915500717462e-07,-9.734044009419477e-08,0.0,-1.0544807663257934e-09,-0.30659363653653166,0.8787299011844525,-2.2758289579248765e-07,-1.729871581157009,,,0.2259762375675439,-0.07766502607171168,-0.0776650260716815,0.47996863289572333,-0.0645836333217382,-0.19005583219456026,-0.2502933532614336,-0.25029335326129265,0.44762038443527935,-0.30438464718479763,0.0,0.0,-1.709709759054831,2.018795971381522,3.195637163525362,0.4129329416144724,-3.375325233283897,-0.6840708064281451
61997,693,,,0.0,1.4605216133188238e-07,-1.3718682436542915e-11,1.2975766647611455,,,,,-0.053990830612932784,0.022578356296871275,0.022578356296840057,0.25482258899282123,0.0032898668143876418,-0.5918299112831437,1.54361785931451,1.543617859314523,0.2548225889927325,0.45018538041771555,0.0,0.0,0.9617175740240229,-0.24345163787613694,-1.1604766581282846,3.8170996181380663,-1.0680563469585898,-1.2785646681078195
100911,693,0.040243706015412765,0.032340243049075186,0.0,3.1815857676927856e-10,-0.48175016043877544,-0.2843114253870527,-3.208665812573315e-08,-0.3826650420792514,,,0.041447267392711734,0.11496043808306965,0.11496043808315216,3.243710220549338,1.3728200711451963,-0.5414899641676664,0.11496043808334074,0.11496043808302092,-1.2532743135180398,-0.03994047975274645,-0.039894919326274945,0.2166696310775357,2.506899341412525,-0.846134551530536,0.10525846487439185,-0.30517814469380816,-1.4695980470044574,1.8116383566597234
66657,693,,,0.0,9.662450863348526e-08,1.6155757023764525,4.164148046970563,0.11094744771832832,0.11020436445326434,,,-0.6809383048087897,2.1737084548488723,2.173708454847444,-0.93917984897729,-3.441327466739408,1.0507421278829923,0.31136241882183846,0.3113624188213554,-0.9391798489772488,-1.531693695823036,0.0,0.0,3.335642409806706,-3.724792725652535,-0.23935268805524637,0.822074354728537,-0.6285039033750667,-1.6243180410057798
169686,690,0.056050268477558396,-0.058010723253871965,0.0,0.0,0.09180987802115272,0.0012489604496863811,,,,,-0.9997238611389374,-0.062121076091581975,-0.062121076091638326,1.8882785408400926,0.03397126959604244,-0.472005973638587,0.028966104559301573,0.028966104559144442,0.5969665307676653,-0.1924716497371763,1.145603842491869,-1.7279892972420468,-0.43212601000365813,-0.028632534812396738,-2.157211244189814,0.54487492419902,0.20835174231413206,1.5270140927453593
118320,684,,,0.0,4.335956234985091e-10,-1.3295615868544155,-0.6988782958975707,-1.4269705443209264e-07,6.435787317353408e-08,,,-0.5111625701278328,-0.058400125862822595,-0.058400125862773856,0.6955180689048337,-0.7396993781846225,-0.5123919499903454,-0.053331784508890416,-0.05333178450887071,0.6955180689048029,-0.7667141049227563,0.0,0.0,-2.1692522430964467,-0.4970905879841546,-0.7926784678606695,-0.4028585327923101,1.3893694426203287,0.0
85441,684,,,0.0,0.8360699672558497,-1.1391091141636527,0.08163068442379971,0.4000642879877953,0.1388891788684574,,,-0.28681432133783324,-0.41431473352848747,-0.41431473352852843,0.4875760756675534,0.27187720351812295,-2.556320832965762,-0.41431473352838205,-0.414314733528431,0.054149711335075304,-0.41470892027580863,-0.16382801269489583,-0.042445215224820976,-0.34232734021442457,-1.9695833567603462,1.4604683473068163,-0.948106722296653,-0.545095455015935,1.0693627762715288
138654,680,-2.425390179896091e-08,-5.529948693829025e-08,0.0,0.0,-0.5456050894760612,1.808250356076642,-3.834904523012763,-0.865232185777319,,,-1.0947326037307024,-5.357823912767695,-5.357823912767687,-1.1246947069780755,-1.3134415835082016,1.7914201995309704,1.6518926617228886,1.651892661722881,-0.7306857806062823,2.361283675690539,0.0,0.0,1.5635797156484537,-2.9302054130051554,1.071522968659497,-1.9251738578178093,-1.8466001958389566,3.0342018149736636
117991,680,-0.6899791341244741,0.527422777324251,0.0,0.0,1.0616278183616492,1.28682748579009,0.02846327231054094,-0.021342068609540854,,,-0.1779578804488838,1.1676156628123346,1.167615662812338,-1.2549106979018139,-0.938763006584819,0.41868162604177334,1.4483886156903352,1.448388615690338,-1.2549106979018443,-0.7687263580204413,-0.908752882668699,2.2784322162663173,2.2496951605450186,0.7131377086111788,5.6603687239379115,2.428125311364535,-0.6683693050466851,-1.8199984524968245
109717,680,,,0.0,-9.529888408688014e-12,0.0466334403489152,0.6123274958286642,-2.384932450004437e-07,-0.08980406272123569,,,-0.3047880066066982,0.5182436526091458,0.5182436526091911,0.9133989743020949,-1.0180139624391016,-0.6881287075679212,0.24288553718255987,0.24288553718257924,0.913398974302107,-1.685794316299383,0.0,0.0,-1.828421732391671,0.5496361468877039,-3.3012473361471932,4.174375665970636,-1.019725846663492,0.0
144597,680,,,0.0,0.0,1.434226361295757,0.4015928466846792,-3.0152782295812495e-08,-3.2746945056848233e-09,,,-0.7689507145698938,0.43263122624706474,0.4326312262470409,-0.47474024089985783,-0.1987550200066369,-1.0331810811493336,1.7437470613966615,1.7437470613966766,-0.4747402408998197,-0.1392957991917281,0.0,0.0,-0.22866486966093214,0.0,0.8270491208674202,1.6651272992613984,0.9942993284097115,-0.5221749440480731
156911,680,1.1825663015619055,4.563835094041541,0.0,0.0,-0.008719135185019326,-2.513527060323304,,,,,0.24061366172120366,1.3189340681187767,1.3189340681188624,-0.5034815637803985,-0.020898758772174734,-3.3546535078705144,0.7522207894082903,0.7522207894080746,1.7368562216125718,-0.662498267174411,0.19709469597685628,0.1970946959768611,0.7834686655829975,2.5466617803010037,4.092623082214132,0.047712440011376936,0.2344899088056058,-0.5514380350384889
146775,680,0.11703082957944003,1.9029095833247378,0.0,0.0,0.02322093260062579,-2.548546657131512,,,,,-2.3996105979185347,-0.7994173894761122,-0.7994173894760337,0.05979754341897056,-1.1451179011186996,3.35042280064129,-0.5692675995436393,-0.5692675995436148,1.0202556076127434,1.1299512563937155,0.0,0.0,-2.9205478106763514,-0.3517760951995143,-1.9925716467283299,-1.3815136720162042,-1.4943814184759006,-2.8898372156221304
128589,680,0.0,,0.0,0.0,-0.023565638864809536,-0.5042135530345827,5.074685312102808e-08,1.7517434433490373e-08,,,-0.3399911433612968,-1.1191711790769967,-1.1191711790767982,-0.772201194772186,-1.1204222496146359,-0.09951440011839159,0.12778993822291482,0.12778993822290874,-0.770427151608494,-1.00934030474241,0.0,0.0,-0.21408197762602743,0.39751416577358845,-0.9454767527076435,-2.220382014790679,-1.292196181449839,1.6583103917576039
143735,672,-1.7292563533099843,-0.13963427525436803,0.0,0.0,1.1287733316368005,0.4155160077836593,7.030723194202131e-08,1.092110369652515e-08,0.0,-0.22436664169413326,-0.13133376765384405,3.386715620282432,3.386715620282532,-0.31747330451931455,1.4158367298632817,0.06042714154633395,-1.2664703677003404,-1.2664703677003901,-0.30319013801383,-2.477710403914141,0.0,0.0,0.32956061652010105,-2.2546737611752112,-0.6157816729190833,-3.0741714210328976,-1.569269566152591,2.487850587430933
164649,672,0.0,,,,-8.157845974315433e-13,8.25444261538043e-13,,,,,1.948629568327141,0.0881080625124601,0.08810806251255657,0.31881032022634437,0.6013228348990839,-1.607592209781091,0.07347479570798464,0.07347479570803823,0.31881032022640865,-0.19515129716341645,0.0,0.0,-2.2948349272289614,0.6661970959707919,2.5661362107109533,-2.2385407450066745,-3.396208809075617,2.0334577969274
40509,672,,,,,2.052625694831486,-4.4832833208636185,-1.7410872036212893e-07,6.110608568040567e-07,,,2.310812030183739,0.21496551155322363,0.21496551155315136,-0.4240225353668598,-1.4547645321260263,-0.6229320883301571,0.3793122497678258,0.3793122497677883,-0.42402253536657053,-0.5436670978291774,1.860401813483116,-2.9053160865063035,0.39021416570672707,-0.8620896233356088,-1.6059394227158004,1.060098850976638,-2.041338463850393,-0.32937798152229314
104136,665,,,0.0,-2.835724692370428e-10,0.29632471928377624,-1.6799759643837022,-6.58846501407207e-08,1.4133912642436163e-07,,,0.5395016238964748,-0.03912984317293615,-0.039129843173401374,0.0,-1.1327467517091927,2.009476142209199,0.46900040708412344,0.4690004070841286,0.0,-0.1853212880025945,0.0,0.0,-1.7368721590257266,2.8530190962000685,0.5792776194842167,0.5792776194842144,-1.1184900522216825,0.0
68943,665,,,0.0,-0.21414638528188543,-0.8407139171965724,-1.8091719171444705,-0.7113158852140813,-0.32645939253783207,0.3629698294034821,1.0404768683354502,0.8127791127720413,-1.2063826697342717,-1.2063826697339606,0.0,1.009714480099725,-0.48737960579977274,1.5005646676978281,1.5005646676979618,0.0,-0.11792377728478803,0.0,0.0,2.4500159401954433,0.7500676888918295,1.3083223490309868,-1.2908070772035551,-2.293863211154173,1.5852320566062021
95494,665,,,0.0,-1.926007260010636e-09,1.8570695138587692,2.527154923552229,-3.1691764964890126e-09,3.295396988574579,,,1.4265742093906828,-0.264429516187031,-0.26442951618692556,-0.6507649558666074,1.1476210488674492,-1.624318447260771,0.29061881587180743,0.29061881587183636,1.6767267711774638,-1.5254224221947204,0.0,0.0,0.05316762419817481,-0.7779427273273157,-2.020252843011071,3.2555585769048214,-0.5492153020666607,-0.807203427412455
43670,665,,,0.0,5.323361539968428e-10,-3.4354772743836435,-0.26616216041588386,1.3215052677528151e-09,0.21466757931880484,,,0.9538844896340362,-0.1814908275357032,-0.1814908275357138,-1.1932440724059803,0.4461357217884355,0.7727793792866631,-0.2853567336869468,-0.28535673368691394,-1.1932440724059798,0.2731922277883588,0.0,0.0,0.562036036797721,0.7710898674890128,0.35219534039510403,2.2312517737638764,0.17738076325480903,-1.863990522937104
67649,660,,,0.0,0.029895708030352523,-2.5772045455466417,-0.6009086326340879,0.16851955366207214,0.16025030458557235,,,-1.0343922324904975,0.3649420639431064,0.3649420639420398,0.5233738736039619,-0.3035702610101396,-0.27261078902727937,0.3563312020408781,0.35633120204071467,1.6925016905856307,-0.012724488782441276,0.0,0.0,-1.6411376721500328,1.1833131931446388,2.7179932693073288,1.8886494083122223,-3.690783777763442,-0.4929263896893703
124020,660,-0.07689316411541536,0.2974616600050995,0.0,-1.1397430337903046e-09,0.4908959653906409,-1.6848589978576403,-0.00036156349874051077,1.1194454792677992,,,-0.7626572617982506,0.1900838771910394,0.19008387719122083,-0.6382218414673848,3.7496749326325083,-1.8900747463496834,-1.0803955729165267,-1.0803955729165389,-3.2870956591506295,4.244282290576009,0.0,0.0,-0.6112222316626021,1.4053202704222274,-0.9841281762772631,-1.6035346564979125,0.5889136714074038,-1.210914916114124
58832,660,,,0.0,3.535690860902747e-14,-1.1915665547151566,-2.3867049575130737,-1.4179470915343481e-08,-1.4724232666975447e-08,,,-0.5991197426576756,0.5056041836701699,0.505604183670586,-0.23842102592367667,-0.2961644014880149,-0.6281128920821831,0.5056041836702082,0.5056041836703508,-0.238421025923622,-0.3132279710201357,0.0,0.0,0.7581447717921351,-2.143905418067166,-0.056672250227376694,1.120250109398926,-0.20987156695387826,-0.5578052637737358
80486,660,0.0,-3.1033525067899492,0.0,1.2764147009362283e-05,0.0,0.5521511743334949,,,,,-1.2108247739238198,0.325675959947869,0.3256759599482065,2.410232735440919,2.825634016284714,2.7351295389435433,-1.5003454918659331,-1.5003454918659926,-0.43457471850276536,2.9925225410572485,-0.5255969671976276,-0.7151779578475218,3.57593653108823,-1.2516377160205283,0.9900620895758302,-1.2360923591731143,-7.002934245915917,4.4516016140084735
111084,651,1.8932320684976025,1.6734228706824947,0.0,7.410926422874991e-15,-1.3746293689269617,0.8461267743270694,-0.22189061814982264,-0.017467848909103217,,,-0.3995391368785821,-1.6918896271117028,-1.6918896271117303,-0.572550913731345,-0.02073086667250771,-2.6251523682965994,1.3418494435185886,1.3418494435187207,-0.5725509137313484,0.526514409613462,0.0,0.0,-0.11080006370042923,-0.12724013474990206,0.06720912460262785,1.483827413741074,-1.1643737137700227,-0.0787368925388418
91440,651,-0.8511008476560274,-0.25706190183088007,0.0,0.0,1.247216153260651,0.9734287651142532,-2.8753003605272003e-08,0.13449163603447492,0.0003836428408511113,4.8891553930396096e-05,0.3769239192257701,0.7493405472767786,0.7493405472768,0.7359219437521684,-0.0061998697286164955,0.3403901311712334,0.7494340903758071,0.7494340903757739,-1.380063797370749,-0.6004588936058995,0.0,0.0,0.22452359616284706,-0.16593281566635656,0.23265203660992825,-1.5863873440624037,0.310581606951619,0.4164125022949881
82795,651,-0.0916229756192136,0.09087986178504585,,0.5802494075913477,0.5514939233729163,1.2038043469216946,2.4438228079040586e-09,0.5985413868640395,,,0.2192726792425046,-0.008133246947677163,-0.008133246948953274,0.0,0.24708820299318107,0.20871295858476208,-0.008133246947785975,-0.008133246947789524,0.0,0.21697983448520544,0.0,0.0,0.005019828005169745,-1.5105928702125038,-1.8337296099969655,0.6213753956739079,1.0195912555870827,1.1545326747875975
117353,651,0.1800973792371047,-0.0036893776806991114,0.0,-0.06781340756265702,-1.9412185847333219,-0.012627505104693524,0.9834894212473788,-0.02767122772319314,-1.0553639592856419e-06,0.013959397808732264,-4.274975725240243,-1.0928516408471467,-1.0928516408472866,0.42202915059248797,0.1932844531109454,3.7303416745960014,1.7745028367052764,1.774502836705464,-1.1608572735307587,-0.2514924653272521,0.0,0.0,0.4239289312217212,1.2152526470421052,2.8460685467473463,2.4914893129830586,2.4727449596321334,2.0511364421364444
130366,646,-5.3847153635771134e-06,1.9239722470627323e-05,0.0,0.0,2.1393401708303006e-12,7.878429174186138e-12,,,,,-0.8935063009431987,0.4879864937655485,0.48798649376558645,0.8517487084354518,0.07518688859496128,-0.2680090606784909,0.487986493765594,0.48798649376554054,0.8517487084354812,0.30479885220606223,0.0,0.0,0.17639392102016763,0.21041766851741098,1.0376406317754052,-1.170042094770969,-0.20847860952819922,0.0
115200,646,-0.65637227525143,0.9912171917392538,0.0,0.0,-0.019108424530084885,-0.0006503751494023757,,,,,-0.054653683719718994,0.03893648788262356,0.038936487882484334,-0.29265969188765845,-0.42489644406940374,0.3625689076384365,0.0389364878825337,0.03893648788244225,-0.24560334936083142,0.03480827992682094,0.0,0.0,1.4496639966056222,-0.5164413330904704,-4.31242031426442,3.4712091307898034,0.915091366240464,-0.21161133116753228
105503,646,-0.22016506872685643,2.6796785545588486,0.0,-1.0085826669560673e-09,2.820342202529892,-0.9698499322444681,,,,,-0.29815786381012616,0.40664029507613453,0.40664029507611243,0.28491244112189135,0.006670463952629154,-0.7554618012687495,0.3971114095414015,0.3971114095414513,0.2818795410372685,0.32565898015078304,2.3926085256557834,0.0,-1.5060935518945016,-2.5993520485088606,2.997616620282301,-0.5882321360750046,-2.125153487572798,0.084679643550584
72113,646,-0.16491304745294005,-0.7184877122773228,0.0,8.25014845217205e-10,-0.49014934685576517,-2.9475086764470637,2.688846882284539,-0.7725388114410398,3.7409080560692205,1.4634801940245787,2.9540741502993293,1.3836668062429136,1.3836668062423771,0.6242542291019947,-3.336664903094499,2.5040061478099664,0.6593519905315601,0.659351990531673,0.6242542291020053,1.040885384729929,0.0,0.0,-2.1607028789041522,-2.5970873082369503,-7.775391827849105,8.032188714383354,2.873737047588097,-1.6067367828983186
101016,646,,,0.0,4.311882701561131e-09,2.212807508169935,1.584728642688774,-3.137907303459508e-08,-0.021230258336595816,,,0.1134213525617425,0.10213522788035782,0.10213522788044864,0.8770645425563063,-1.3171993067258785,0.37983040331440265,0.10213522788036453,0.10213522788041508,2.159040944047131,-0.04958161105616656,0.0,0.0,-0.42200853431337754,0.5426220212422762,0.22626670871013485,1.2062184158930516,-1.0539687406844431,0.0
136759,646,0.9664611290989519,-0.28168437804172736,0.0,-3.080995332715168e-14,-0.5357722623544379,1.1448435062211113,-0.8490681488833509,-0.286001902794707,6.238981753844101e-07,-1.7997221817209003e-07,-0.6287340306637902,0.06818105191779965,0.06818105191783186,-0.9456499018876899,-1.0325167367591643,0.8242005502956207,1.4794702891330274,1.4794702891330602,1.6911618352071403,0.5790597587671448,0.0,0.0,0.02626596264901377,0.6957627061888427,0.05685015504937123,0.39471780276699303,0.4455827993036535,0.4708463138514806
131572,646,0.0444147457455528,-0.5386767213549128,,,0.037561378777901916,0.441626415655763,0.35209024370848574,0.08927739408687196,,,-0.022149662651648756,0.019808926411825425,0.019808926411832926,0.1912811213205453,-0.03643849998805804,0.40959700463265186,0.013280302633432326,0.013280302633413829,-0.07663012958956031,0.13997699524784124,0.19963012117996673,-0.5366835218376358,-0.51472839169652,0.4328485668761377,-0.45050560303792286,0.11783669915138528,0.16505419234723512,-0.11325062682585539
74442,646,,,0.0,-8.092621734498858e-11,1.6350585163874463,1.0280951915910659,-0.22531483390862,-0.2125196596684155,,,-0.38851182522413513,0.15496419381285545,0.1549641938128343,0.3201796867321338,-0.07382659516156605,-0.4210749179053431,0.15496419381286827,0.15496419381290213,0.3201796867321317,-0.16201603902902795,0.0,0.0,0.18825235055265083,-0.8825553004929094,-1.1507665539199639,2.0620969004922682,-1.0569133869760339,0.0
144142,646,0.4418936134155108,0.3528387529723269,,2.9701262855319206e-10,-1.2313527451412434,-0.7354820530855591,2.9798957238563204e-08,-0.36132239139225264,,,-0.5463303563932977,0.05730313315554702,0.057303133155480454,1.0521292175301784,-1.3932980707047722,-0.44498810834033947,0.08734312437727165,0.0873431243772075,1.0456112735695808,-0.9208484793817386,0.8752312151510243,0.11822880668590846,0.5837321414114098,-1.726321217196868,-1.617535245634613,-1.4678353608749077,-0.47908610030809856,3.067310930545198
68024,646,,,0.0,0.0,0.5548213252398088,2.9858595448649554,0.00042313862424888033,-0.00080041611935404,,,0.5136325537606734,0.5286193695437672,0.5286193695421785,0.0,-0.28971178749293486,-0.16215278981318357,0.5643160538807634,0.5643160538805345,0.0,-0.47195322512815174,0.0,0.0,-9.085936871913848e-08,0.0,2.5879188270158724,0.01731128644950474,-2.484093237714312,0.9782625839903039
84570,644,-0.865734013246758,0.13034037417073008,0.0,0.0,-0.9418309181497517,1.7616757799118479,-3.1649537065715427,0.6426445600072331,1.477174723479894e-07,-2.329252734979595e-08,-2.3069832366885192,-0.7924918068200404,-0.7924918068200039,-1.245456836964222,3.853664582582382,1.0653356084609606,0.8001753002947066,0.8001753002947046,-1.2454568369642125,1.0222561848381928,0.0,0.0,1.2671258875485054,0.3959678070106505,0.45657213886056797,-1.0305753396865538,-1.3274437994249444,-2.783370247705224
128792,640,,,0.0,3.169223470342394e-09,-0.5942223925226291,3.678277238092344,-1.449183141596883e-08,1.4966404714892771,,,-0.02768339731457724,0.763625837384324,0.7636258373845587,0.3328079539793588,-0.5950119576973762,-0.2966628411577177,0.7636258373845295,0.7636258373844605,1.2647498594716386,-0.08808620285292947,1.9965118289235508,1.7353606396600323,-0.9307291793310675,0.23395496628741688,-0.7298045027720771,0.14349338040881437,1.0610718951477167,0.15228346467266993
129711,640,0.2513398865118602,-0.5670519740446623,,,-1.8369873627362194,3.0099662394809052,2.1047892814015454,0.9603748420443322,5.216154238396676e-07,-1.6235256599591247e-07,2.2695616559528617,0.494462556510609,0.49446255651035687,1.0025829381133318,1.4583968505307066,-3.7746107369404323,0.49446255651050763,0.4944625565105939,0.4194866672223573,-1.5482306244626163,0.0,0.0,-2.988541674978958,0.7505813958555266,2.143784745450245,1.0386149195320624,0.3021670761020062,-1.8769076867292926
59308,640,,,2.909130418030154,-0.027492854769998135,-0.5651748380966234,0.024274276769663112,-0.09827789632929641,0.0013863024216654752,,,0.13372135385365327,1.4036315393164642,1.4036315393170762,-0.11633170707142156,0.11279192471647982,0.2005292608608744,1.4036315393166974,1.4036315393165266,-0.11633170707142367,0.18373758494183423,0.0,0.0,1.1247573359408025,0.9393112408488135,2.059174192361743,-2.7821291594669657,-1.6113435817760422,1.9342218109391327
118259,640,,,,,1.070845805206054,-0.5997454783115833,0.15621823260260256,-0.11805533621203158,3.758849911129122e-10,5.4927801947779896e-11,2.637445941538626,0.3598757294682059,0.3598757294682438,0.0,-1.607356424963497,2.0063220010654144,0.3593611654325066,0.35936116543262686,0.0,-1.8236303236931737,0.0,0.0,-1.3636396566967683,2.2094502774700504,-1.0684788433330104,1.318577202854129,1.5110600910992753,-0.8263292155030478
85366,640,,,0.0,1.5773335397657108e-09,-0.345267674303155,-1.773518548589751,1.311710956448071,-0.3423874959996567,,,1.0451047634764419,-0.5390167177452178,-0.5390167177454148,0.34757014191924146,0.09866918724991317,1.0849093041790927,-0.262339324492979,-0.262339324493171,0.3475701419192343,-0.31569188806545984,0.0,0.0,2.9855630018205788,-1.0708321290293559,0.13038969274253778,0.22637653045607892,-0.16907112642047586,-0.6917202785063402
109801,640,0.9801990903149848,0.9658860964530478,,,-0.5210262052486857,2.093997903933343,-0.41062669627909576,-1.8460724629123983,3.79359010385082e-07,2.166125503853505e-07,-0.1829180039542285,-0.4146609954100276,-0.4146609954102676,-0.3548622230441142,0.8671182702497253,-0.19404647649803997,-0.4248020080054766,-0.4248020080054122,-0.365231028842972,1.005630716479592,0.0,0.0,-1.4417007004618099,0.5231735049683499,-1.7412522555340864,0.45422139385698695,0.26545218240411445,1.5103892436300566
164681,640,-0.5119315599029182,1.0540311939507778,0.0,0.0,-0.09761869956269886,-0.017910730227719242,,,1.8380343750562982e-09,-9.326665632896363e-09,-0.7709331027123634,0.30049753608725976,0.30049753608721547,-0.6617754757583452,0.05300432412717874,-0.9438150955349245,0.30049753608719354,0.300497536087254,1.3640256144896277,0.25105786121261897,0.0,0.0,0.0998183410478092,1.9364278981217113,-1.8745028954847398,0.40745731374304134,2.294417307855125,3.4947654662288543
141901,640,-0.40372225142806906,-0.07113455661842369,0.0,3.5773004658780985e-11,-1.8738680134609043,-0.31953437401765133,0.5672970324573267,0.0029250635346479608,,,-0.04450641697504263,1.0176673308490725,1.0176673308490545,-1.81531185712547,0.4993999158325184,-0.05399890180996055,1.0176673308490436,1.0176673308489987,2.8908635257985176,-1.708195977497283,1.065697808176241,-0.384674435777208,-0.920221057451867,0.6887780083545473,-0.26569769866134996,-1.5113386264530968,-2.25811014550021,-0.09153346647027479
144651,638,-1.0840550652365523e-07,-0.06574224465082902,0.0,3.8619892338591897,2.9227715330432556e-06,4.198578141971266e-06,2.976257256910811e-06,1.2594394246648618e-06,,,-1.9952320137468746,-0.008352426005180236,-0.008352426005073727,0.5070249044654164,0.3390038237063157,0.6097646352081602,-1.991344646070614,-1.9913446460703066,0.5070249044654032,6.238744931618449,0.0,0.0,1.9360669412698779,-1.807520574391494,-2.034044774160326,-2.196285572780065,-2.358826230948982,-2.645791058546606
147763,638,0.0,,0.0,0.0,-1.8665472823303408e-13,-9.265038858619604e-13,,,,,0.8029761493152707,-0.1435800506997995,-0.14358005069976723,0.5504613445899192,-0.02395292204608401,0.19834464523262096,-0.13447925089965762,-0.13447925089971946,0.5504613445899482,-0.13021775990092183,0.0,0.0,0.15664236876983506,-0.06804565245139575,1.1294945676656574,-0.9762449562467911,-0.23804213460094115,1.1620028516299867
108845,630,,,0.0,-0.007467379035403373,2.122238197516601e-12,0.0023840568014203626,,,1.4846668200371694e-08,2.5584294644538932e-08,-1.5716096074670447,-0.43301780338281975,-0.43301780338281876,1.8765281036429649,0.3810321414681866,0.9910283412446776,0.7622535950367982,0.7622535950368119,-1.7640499103151421,-0.28764918296398634,0.0,0.0,0.8479922170568623,-0.24470404956095518,2.1351251973665812,-2.390583424117322,1.054490926156927,-0.04865786699138112
130205,630,,,0.0,-2.6942632436874476e-09,0.25863222608940856,-0.5165428652962156,-0.7825200729124231,-0.4814371613693817,,,-0.5487906152271173,1.7673424316729187,1.7673424316730557,3.25478301191745,0.3919334269405514,-1.0432914231697232,-0.21089214735314843,-0.21089214735331743,-1.4217123268258849,-2.2386963512962264,0.0,0.0,-1.9448329473088517,0.30855737340000783,0.006497532739825284,2.14881654778816,-2.1338314351068717,0.0
95839,630,-5.117075638417564,3.534721572044152,0.0,2.6104284794537873e-08,0.33562149307103495,-0.7794307465943354,,,,,-0.2580398781733577,-0.92107220814232,-0.9210722081423606,0.34662729008995263,0.23015011039427907,0.11239708434946484,1.1214101280337718,1.1214101280337303,0.3299599897833169,0.3613009633845709,-1.2856122743086464,-0.8475517332606696,-1.4318467284995937,1.6840087701420063,-1.1662189792765565,-0.28171639700947654,-0.24923364268355191,0.33963785455061246
90352,630,,,0.0,-6.451742777585732e-11,0.3867794621822701,0.010408638860722633,-2.579281148614485e-08,0.020160748356941573,,,1.5178866051049764,-0.4126020488918014,-0.4126020488918675,-1.763573604287584,0.4959834796189952,1.7860379955175352,-0.5552755097595251,-0.5552755097594722,-1.7635736042877257,0.5148519408162261,-0.8885499527720155,-1.840895658614532,0.9506993126660246,-0.7691495228856818,2.400445213571403,0.8777717661991156,-1.0616162809220104,-0.8352358620946684
111087,630,,,0.0,0.0,1.2495493531010387,-0.3277109950586123,-8.135901704586019e-08,-0.0228888581240457,,,-0.20207641731270817,0.2532815736394236,0.2532815736394471,-1.4984094076809231,-0.4864044621134594,-0.22984979710151868,0.32479882307957375,0.32479882307958147,-1.4984094076809076,-0.4820989308787567,-0.5075357329260254,-0.5038788464536487,1.1765328625762352,1.8587230445225007,-0.6352363461550474,-1.6471698723260209,0.7375045816903565,-0.6253516544033926
106117,630,1.38772110111108,-0.154818973352734,0.0,-2.4189899849692665e-10,-2.0242737104791795,-0.5003915339117925,-0.22883674741996116,0.027251749868348937,,,-1.5498123127453323,1.0851246372841783,1.0851246372841494,-0.6676729915567613,-0.7333615401962669,0.12697476240576341,1.1415866895469244,1.1415866895469493,-0.6676729915567413,-0.239794416305932,0.0,0.0,3.2936417746625066,-0.6938940414584901,-0.35053491457245906,1.906989069477007,-0.7603205492185017,-1.607819329708014
132915,630,6.50953711279801e-07,-8.062948537131563e-07,0.0,3.878483964456607e-10,-0.005041840643265331,0.3114626360540732,2.663578556652506e-08,-2.913050697153347e-08,,,0.8983190376274574,-0.8464759083104203,-0.8464759083105571,-0.046696683265792176,0.2205431543972458,-2.8875811808567255,1.1156517009608742,1.115651700960873,-0.2153485534205401,-0.6587251724213663,0.0,0.0,-3.0656031363361285,1.6474577396054413,1.7078478463218307,-0.44137725526664995,-1.2712853758938223,0.6833516023892495
119184,630,0.2778160819265067,0.12773744794005606,0.0,-4.89682350743617e-10,2.2697798200358656,-0.4521774089438258,-2.010150853059889,-0.22812811245121514,-1.2517637023060305e-07,-1.0878676920485097e-08,1.5284623225518839,-0.6527165017756159,-0.6527165017755295,-0.07246492636193755,-0.034269227530883115,-0.6789291499414946,-0.7627636773705764,-0.7627636773706016,-0.07246492636194693,-0.456195299484865,0.0,0.0,-0.9714997817461497,0.012675519474896566,1.7207051593628337,1.8361573158617106,0.9128325633770534,-2.9781520128648338
147403,630,2.3217226709160306,2.407587226392826,0.0,0.0,-0.21440011562810898,-0.8709301326402004,,,0.3831651431880847,2.0895457119133254,0.09734435168630895,0.7348906831139456,0.7348906831139851,-0.20085410671504755,-1.1445098562088398,1.5411979707268895,0.4207471112155668,0.42074711121551006,1.639463088470072,-2.40412549494176,0.0,0.0,-0.47295293853863324,1.5362393128313285,-2.5021601206082145,1.8671698995364454,2.241294701556955,0.8820716109611514
96800,630,-0.6164407585546747,-0.2974770636389421,0.0,-6.752341007583283e-10,-0.1792881156407245,0.4354867814818579,-8.259740966591147e-09,0.4845885249756943,,,0.4405214371961148,0.42543815861054207,0.42543815861058665,0.18777958350541324,0.25420075512723755,0.6247463221200972,-0.15807254458438846,-0.15807254458438083,-0.8951696137621481,-1.2229499058680948,0.0,0.0,0.8492602273153353,-0.9352542675076353,-0.11247181143019992,-0.1851003662974197,0.3610799169586073,0.0
138136,630,-7.775625527946511e-08,1.0357205379023187e-06,0.0,0.0,-1.905277170278898e-13,-1.055817626269069e-12,,,,,-1.1702649966236967,-0.6416213852401321,-0.6416213852401351,-0.6874499920653452,0.7413863328442876,-0.3802021076753845,-0.5992466096036427,-0.5992466096036482,-0.7653055681731099,1.6613410479562627,0.0,0.0,-0.4748191685861668,-0.8663515601480375,-0.17277693811881448,0.3448808877357818,-0.14081391628061846,-0.1068675046123428
148682,627,6.13880707913476e-07,5.23563388127127e-07,0.0,0.0,4.2868215330838285e-13,1.1854090951157418e-12,,,,,0.5442699804824009,0.03356488479449649,0.03356488479454566,0.2803216091830483,0.32420821309729747,0.28180072896673464,-0.13005505984330495,-0.13005505984329394,0.4866640236371239,0.27678821379758445,0.7845039250438629,-0.5175618041453942,-0.8015257678015091,-0.8663321939833794,1.0081505920226836,-1.5903608320431255,0.9837831454511252,0.0
85759,627,-0.6463902523098,4.171365152104396,0.0,-0.7896609123937616,1.2474376758196062,5.044656738743182,-0.7885948922744311,0.594268774723259,,,0.1918467475738788,-0.8206283457175966,-0.8206283457175112,0.2676925824865709,-1.7261237636590994,0.17538773270520144,0.21488667591975477,0.21488667591976626,0.2676925824864467,-0.36702457716022435,0.0,0.0,-2.3313303263036267,-4.890591230936319,1.6809697581843395,2.139224475706529,1.0604621453609795,0.6514606778198895
145859,627,-0.01571632302923513,-0.06917519769837498,0.0,-1.8468239730789283e-13,-0.8150617175533454,-8.378297208197633,4.755188596954608e-12,-2.662949460144377e-07,7.050547825708205e-12,3.3973407156563595e-06,-0.8787997512442716,-0.6949990894538931,-0.6949990894538924,-0.7531016487746897,-1.206075960280261,1.4959048211275352,0.3945354636774936,0.3945354636774837,-1.0698640583952814,0.82038430043896,0.0,0.0,-0.9863566209498803,-1.4979617078455656,-0.814880806711523,-0.009561722376885736,0.15682670020042216,0.9589293357744219
104119,627,1.0720355353287991,-0.7268693139034192,0.0,-1.4196720528314096e-10,-4.675594715998107,2.2730056683985818,-4.663720797281249e-07,1.341377266080781,,,1.7064655202538832,-0.8419867659096877,-0.8419867659097829,-3.179134798985227,-0.186534768613946,1.5808671089320188,-0.8419867659096256,-0.8419867659098226,-3.1791347989853183,0.15708118334135243,0.0,0.0,-3.966511510427655,1.7687008043732597,-2.6131041563523882,2.553782091066178,2.923895645552013,-1.7134830660119256
39140,627,-0.7486674296839962,0.29744429273721884,,,-2.3729985690814894,-0.2908961699065998,-3.4839358746400253e-10,-2.226953683341681e-11,2.437113993319133e-07,4.729988026239026e-08,0.6090808810091148,-0.5146535318701757,-0.5146535318704341,-2.598089048597781,1.0708891728216192,0.5959827309755573,-1.6300777091195453,-1.6300777091195715,-2.598089048597785,-0.39989029610122284,0.0,0.0,1.5989174190319915,0.11118450002703341,0.6825411121926721,0.3401503914336684,1.0573979352991851,2.0894885428570316
121639,627,-2.3678380589291843e-07,1.2249633231404787e-07,0.0,0.0,1.7441898960978464,1.5151318772143347,0.4158748506906926,-0.11587733981359402,,,0.5786509228755752,-0.10226028564998854,-0.10226028564998442,0.012159708499698123,0.09437544243570856,-0.4725184484318744,-0.10226028565002326,-0.10226028565002458,-0.35360458914599846,-0.5808915845421366,0.0,0.0,0.561428134402917,0.6959537102843798,0.637203562244466,2.5608236860632116,-1.016971999044665,-1.1378168397737367
89622,627,-2.470126889151578,-0.2999119460603011,0.0,0.0,2.216322917421824,0.5610413453923643,,,,,-0.878707368568683,-0.07509145491179786,-0.07509145491178397,0.223662510486863,-0.20879511151584423,0.2934695939470152,-0.09282587634556451,-0.0928258763455125,0.041591519205141994,0.004797544577738672,0.0,0.0,-1.5198454443381753,0.24641772147135704,1.6678942068143348,-0.524263511011343,1.0303918687492197,0.46876729333540074
68942,627,,,0.0,0.0,-4.547448716841171e-08,5.267628755643996e-07,-0.05881776655963753,-1.2417255073233051,,,0.7391300092233622,0.5426359728141698,0.5426359728150828,0.0,0.5770579772889294,0.10629947725430113,0.542635972814196,0.5426359728142125,0.0,-0.05482472700084204,0.0,0.0,2.3158368239702227,2.4865504819750446,-2.201918801287403,0.16929124699121725,2.654748638596982,-0.28866436089853986
138131,627,0.1854608820550292,-1.5287900948305115,0.0,0.0,0.6939920513057148,1.940444083636977,,,,,0.09922600619059609,-0.5185920690986001,-0.5185920690986094,0.1518123468104495,-0.8964257459808685,-1.0563761559391844,1.021366350260297,1.0213663502603954,0.023110087883991506,-0.8053252472424345,0.0,0.0,0.9946829574732318,0.10217256655154949,0.43734201048381116,-0.5464440880363147,0.011534334878682207,-0.11837061182980733
71254,620,0.0,,,,-0.3862500279720935,-2.915619333229407,1.3837126980262442e-08,-3.676644903791164e-08,,,1.0068454211636206,0.42621098449886363,0.4262109844987627,-1.5667057144736247,-1.015532145791035,0.8900698867023114,0.4262109844986989,0.4262109844987818,2.112306576426567,-0.02596179810902575,-1.4889652890488738,-1.1821071747827863,2.0230599848188984,-0.19376267750372714,-0.32499541002836363,0.5136016954478846,2.5543390732554307,-1.8815925009955252
91914,620,2.2105993270505873,-0.25953279407899554,,,1.7168663380680098,0.5013385939256652,-7.731575668766619e-07,-1.9078220621285234e-07,,,-0.5013797233713194,-1.2056008499572262,-1.2056008499571242,1.0219443757111244,-0.7716422958719746,1.4268986365883534,-0.4009053610852057,-0.40090536108524244,1.021944375711149,0.9791433570567409,2.1458832767796245,-2.732583779941074,-1.915501296229941,-0.24098806945129922,0.05267491466440342,0.5965933879006343,0.8361683988744828,-0.15238981819277522
68100,620,,,-2.5625957679060702,-2.2801799425515434,-4.143916422749788,3.730964920600337,-0.05234732709844447,-0.15676704427344806,,,-0.36801937400533563,-0.32144652514751737,-0.3214465251463347,-0.3012931266709819,0.0619185174003824,-0.24841015434047392,-0.32144652514758143,-0.3214465251473762,-0.3012931266709788,0.12520048409353837,0.0,0.0,1.1192276719760572,-0.6371021974394374,-0.008717470374881244,-0.2923478903782178,-0.6709190793926371,0.23011339074836396
88703,612,-6.955371369764765e-07,-2.819791258133215e-07,0.0,1.1332427525056844e-14,-5.242545849260669e-12,-9.299753134520459e-13,,,,,0.28529428095278586,0.16077626104822756,0.1607762610482258,0.22189806116910166,0.5304992487694432,-0.5616332318279308,0.15729012691623126,0.15729012691630068,-0.3562873112762684,-0.3349529638553242,0.0,0.0,0.19840989542641121,0.13455952188733558,-1.4267653010104535,1.4628371792243324,0.3689985385728655,-0.6798908110479622
95956,612,1.0267605652836521e-06,-6.239184689474202e-07,0.0,2.4740834167562734e-09,1.9092561458563515,-3.2748177174730095,-0.08737050945482723,0.5226479764065364,,,-0.9753679953044045,0.35863106222196606,0.3586310622222229,-0.28984192315549107,0.03722364370434646,-1.177630462336514,0.3586310622219938,0.3586310622219408,-0.28984192315549173,-0.04088427491291695,0.0,0.0,-3.701743213342363,0.7811443435386219,-0.6931688829820655,4.895741267115258,-0.33149003538034133,-1.273623530402439
139332,612,-4.010441763403498e-07,9.863575998801346e-07,0.0,2.777629030411199e-09,-0.5806849477306976,1.475800884958975,-1.8795636046374628e-09,2.640543166884797e-09,-4.743930575714655e-07,1.1865745877101143e-06,0.7465081790124384,-1.5481557940129658,-1.5481557940129795,0.8783279666032949,-3.2089160897506894,-2.8691571108157388,0.03983976921054774,0.03983976921055955,1.3805390016620742,-1.3445757595376215,0.0,0.0,-1.1161348560469488,-0.07586624886577227,1.2805638171438594,0.5406503960164579,-0.8328998037982391,-1.3404116001451312
87201,612,5.940258469006697e-07,-2.1054589746209394e-07,0.0,-3.7013126920898115e-10,0.21670341871663076,-2.545754755892638,-5.002971808543767e-08,-1.0614918010427656,,,1.0433484280280532,-1.7594004364048663,-1.759400436405033,0.1668737193945377,1.1062923010104668,1.2768910524107826,0.48622053683474675,0.48622053683478583,0.1668737193945062,1.0789866096630334,0.8349261564099869,0.8349261564099901,-0.045307399312919196,0.21042313428213713,-2.5324206134285574,3.85088206021031,1.9691224086597021,-2.093794318037685
70347,612,9.501960188680973e-08,2.6887356479766598,,0.0,0.7913828507973051,2.8148025513973245,-3.7310563839873076e-08,0.0010984478990410695,,,2.1471809210817723,0.1812160255965529,0.18121602559664815,0.010025776099339795,0.8931704339993751,-1.6476976672429784,1.199974897591379,1.1999748975913798,0.010025776099264172,-1.0471455750047112,-1.1087953227301484,1.4164696552356661,-2.4064243300403163,0.5750583115497228,0.8981085699938541,-1.2618868809969148,0.29462507813886324,0.8758174678982317
150057,608,,,0.0,-3.1948739931289344e-07,1.453622246491261e-11,1.9871211846107138e-08,,,,,-0.12606254672379028,0.1771664754158882,0.17716647541584976,1.307083100325288,0.5800230452566097,1.324079183621506,-1.0039557406863477,-1.0039557406864268,-1.1940247598386977,-0.7743424075425602,0.0,0.0,0.029470106694593715,-1.5769778216838777,0.0,0.0,0.0,0.0
107336,608,,,0.0,-3.166129461765266e-10,-0.04946537274400131,0.7094450732539223,4.499646710402633e-08,1.6088590513044516,,,-0.660268004310835,0.17508528184117794,0.1750852818411788,1.2235773279188022,0.1670167360211449,-0.4391930416224712,0.10384999342258881,0.10384999342248248,-0.9274535085468459,0.199216555716982,0.0,0.0,0.7693416237292271,-0.18522704930639464,-1.2742264211084697,0.8787008605135513,-0.11102051923707415,-0.3067298471600051
63803,608,,,0.0,1.4675111698892646e-09,0.201189168799839,0.6402213670519504,-4.60942165890725e-08,-0.09123470192517424,,,1.0433867657446843,3.136972363167404,3.1369723631673976,-0.10957861963683825,2.444737685096468,-0.6179562900786933,-0.6006695771804926,-0.6006695771805194,-0.309572845654991,0.8650822715548916,1.0360567166374859,0.30689181215173034,-0.7341344748566158,-2.0852282503323245,3.3186906550536595,2.0561247012697867,-3.1518280638773533,1.4122466784051653
79960,608,,,0.0,0.0,2.0094134935249075,-0.7967572967736601,-0.06603872888423751,0.015628826601335095,,,0.18068123952884285,-0.7217650783455699,-0.7217650783456739,0.23235112454590495,0.1279115659146859,-0.13526810836953282,-0.719872043921998,-0.7198720439220518,0.23235112454596396,0.016599164126755543,0.0,0.0,-0.9420800338031337,0.8161476726296982,-1.600129707326925,0.1160727022664373,-0.7483556495397948,-0.1226552582328314
64335,608,1.7558353452529447,-0.46759514912719286,0.0,0.05674620736190918,3.6887080658602565,-1.3679616738421025,-0.6909862981472025,0.18263181395083083,,,1.2362108042732654,-0.7804197581134232,-0.7804197581134599,-0.969022576449027,1.4005318700221925,1.1406146540162645,-0.012157023674215884,-0.012157023674286503,-0.5124791662300066,1.4835661124556145,3.2216586379706467,-4.33035136684068,-1.9016076895022025,4.969865115670696,-6.20106330381069,-1.8427901303252001,-2.1797888994274195,-0.2651129564489844
88233,608,-4.5154062403414914e-08,-0.47544121123256883,0.0,4.98767103331138e-09,4.511543836589995,4.271535992417026,3.5666658605953674e-08,-0.6307057727693105,,,-0.4573704022600734,0.19404452973212988,0.19404452973224234,-0.19414230249509734,-0.42199462848744584,1.8056254195090289,0.12757077856463908,0.12757077856474847,-0.19414230249510933,-1.797823738473731,-2.071363981884588,-2.806389376175982,-0.36098173837669945,2.871281586383552,4.962605949348645,1.1806160869653333,1.0460800686710154,0.4857250019719195
144826,608,3.2273145201757176e-07,-7.396711047279479e-08,,,-2.0712342185833856,1.7906424131071306,-1.66649931205945e-07,3.8186829409011224e-08,,,3.2855613968169886,-1.1502913535400872,-1.1502913535399046,0.3454226545887156,0.13300474760456307,-2.7540301538665015,0.05500072446765935,0.05500072446793204,0.3454226545886735,-1.8882873619823797,0.22846185883844095,0.22846185883842204,-1.503813763315802,-0.029885502059673382,-3.0382390094728553,1.49309227958279,3.6430768194071916,-2.0935582829444273
79950,608,0.0007354205758590168,0.00028018582630496566,0.0,1.0155264109456602e-10,0.26878203656879557,0.4313955829964012,0.3062156464622932,-0.005322065927905929,,,-0.10207484092097575,0.04269642136280841,0.042696421362861246,0.23878782233226392,-0.02229537807867698,-0.249651593739617,0.04269642136282073,0.042696421362745374,0.23878782233226473,-0.20146639385467738,-0.8095308071771431,1.0726413942944126,-0.82692800606288,0.4749560720976021,0.15896882440887344,-0.6285035976953545,0.13392594955345394,-0.0952924043897994
93200,608,,,0.0,2.4428796550449143e-10,1.6940225185499733,-0.8663762582107218,1.7099940190672744e-07,-0.018202625253945292,,,0.5976225478638802,-0.0021092117804862366,-0.0021092117805918457,0.5388565955551781,0.24643271372647121,-0.9756576728376765,-0.0021092117805286293,-0.002109211780590267,-0.09030074334662774,-1.0271472176194856,0.0,0.0,-0.5584051715261306,0.14942601450912502,0.34172897392436896,0.5756660871657917,0.7082937627453975,0.0
141341,608,,,0.0,0.0,-3.181764211421374e-12,6.108736506046144e-13,,,,,0.15847640357627213,0.9479198821612178,0.9479198821611959,0.7717283562617294,-0.7315442927142736,0.4136713309453307,0.10958772983415463,0.10958772983413771,0.5349229686305428,-0.23036937602260266,0.0,0.0,-0.007833928852024843,0.25967078501640006,-0.4469534493105712,-0.8631652066905778,0.574046567846871,0.0
113448,600,,,0.0,-1.991889226671093e-12,,,,,,,1.311379825485413,-0.022264382128611246,-0.02226438212860315,0.40273859398740114,-1.5799976971305594,-0.2785658820184371,1.6151849457626464,1.6151849457625778,0.40273859398738276,-0.6312475238439345,0.0,0.0,1.9449070218300807e-11,0.0,0.0,0.0,0.0,0.0
91454,595,3.1958178908181114e-08,0.12754249331790296,,0.0,1.4966173083975671,-0.19179064503245985,5.246701126897879e-08,-8.261476425200533e-08,-1.768737394115795e-07,-0.18702652527890473,1.2756594865355555,-0.17046211606382192,-0.17046211606385028,-0.18755635616197963,0.4869205867270288,-0.8577375054958273,0.7316055658900005,0.7316055658899955,-0.1875563561620124,-1.1940171814628702,0.0,0.0,0.2809104081849609,1.1220381531589698,-1.0331095249593902,-0.2968001097180078,-0.2720126212651317,1.5926762976380668
95554,595,,,,1.505543117297542e-08,-2.624501137018966,-6.545082697093253,4.1231969352433814e-08,-4.30270457633411,,,2.7464321286221263,-0.8535358766890713,-0.8535358766888127,0.948623288806058,2.4458153242524645,-2.154479088414888,1.5561571133476857,1.556157113347875,0.948623288806061,-0.7956799650696929,0.0,0.0,1.3764260851656032,-2.047180323814532,3.513425754428619,3.880008583899004,-7.706694067774807,0.3488160616817998
122168,595,-4.362553999527411e-09,2.8567373850121464e-07,0.0,-5.699770751859535e-10,0.26124612327078023,-2.20593625952327,-0.1284267213824476,-2.7071815901248257,,,1.278057759418552,0.5210793502878822,0.5210793502879537,0.277853889177576,0.6852538026128576,-1.2668991562038343,0.2407571083980275,0.24075710839807335,0.2778538891775818,-0.11217321612815666,-1.3284994869065412,0.4683879321640191,0.10164761036751552,0.9668182525609069,0.6001582378595781,1.2837180541199145,-1.192278646567415,-0.6484419357355872
104997,594,,,,-3.3684150884688524e-09,2.0757008115551936,4.565949369867394,2.1330813856338273e-08,0.865717688011678,,,-0.1854599822963838,-1.9883298933482214,-1.9883298933481344,1.00144658752695,1.3944749167120418,-0.3804035011494957,2.963475557967635,2.9634755579678025,-0.7551152280262179,-0.18287174201472878,0.0,0.0,-0.8220334608603326,1.433467814601073,1.8797335492387954,2.4151634012650582,-7.33986573393945,1.4602065333568617
158649,594,,,0.0,2.7034511686196496e-13,,,,,,,0.48837805702738063,3.595461932100767,3.5954619321007866,0.7304675126082785,-1.157385670434672,-0.09305080412165999,-1.3248271088242138,-1.3248271088241843,-0.8028287985179996,-0.9276362740278596,0.0,0.0,-9.553207216503953e-08,0.0,-5.176318097245548,1.271700798694854,1.4965619816707045,1.8350849753084684
101795,594,,,,,0.24160809646275894,1.4203548925047858e-13,0.380032914540009,-1.9650732435568943,,,-1.2133547459598863,0.8486730081646777,0.848673008164559,0.0,-0.8979030221796127,1.346816500124666,-0.36252811971447413,-0.36252811971451465,0.0,0.5795035228485331,0.0,0.0,0.5047134237146713,-0.5602344742748014,-2.648354488328492,1.196135912948368,0.21454991969942955,0.7310622091128786
119870,594,-4.520284106890247e-07,-1.5988197670862297e-06,0.0,-4.1226922286784356e-10,-0.8128930190716556,-2.844110499322683,-3.679071809233061e-08,0.3789170820466275,,,0.631942936815607,1.069616141007726,1.0696161410077198,-0.9388781898941444,-0.474020906797947,1.2123419288444837,1.0696161410077034,1.0696161410076905,1.3465049355574654,1.226100897738887,0.0,0.0,0.13341707271651454,0.6492072239876535,0.17824366244085857,-1.366116880125557,-2.092799202642595,4.03010856727007
120572,594,,,,,3.1410611179903403,0.5946320870146269,1.4044401312517125,4.19296849737329,,,0.328081978631504,-1.9397732958765042,-1.9397732958766039,0.7211202895456768,-1.143294120090502,-1.5516549344914219,0.8321143196034789,0.8321143196035716,1.2198840285654324,0.9397806592687807,0.0,0.0,-0.2781368566729078,-0.4481584804911762,1.8563369458110597,1.227618863516672,-0.6207603066892149,2.9105703644608476
118780,594,,,0.0,0.07107554754889847,-1.681893592644997,-0.6638571651305382,2.0933765511010521e-07,3.020456476321226e-08,,,-1.4831671452670006,-0.43715779262386434,-0.4371577926235779,1.7178769577928377,-2.5793637853047238,2.3974484713148034,-0.4371577926239019,-0.43715779262407584,1.3874303371081929,-1.0084597182620554,0.0,0.0,0.652070974844657,-1.1923389859421727,0.9534632136700977,0.9534632136701097,0.9534632136701082,0.0
80420,589,,,0.0,1.2322451181566638,8.034751207195607e-09,-5.6065588522644437e-08,2.1774708980577298e-08,-1.8350352037095603,,,-0.008329608519933118,0.47290596138680424,0.4729059613870242,0.18002957017547194,0.6815930466865884,-0.3981081531175488,-0.5001927661322502,-0.5001927661322321,-0.18093990320464343,-0.2766363071771882,0.0,0.0,-1.1941058976624683,1.1118487344860897,-0.7501949013514665,-1.5811220008606919,-0.6781037076277038,0.24745335655663397
135024,589,1.5690335507718816,1.6054272019483602,,,-0.16460577065380314,-0.2845377120140864,,,,,0.6557934324484278,0.6802264440768455,0.6802264440768446,-1.3252316741377592,0.6889575785177519,-0.35870350913254206,0.5859260683603308,0.5859260683604234,1.1057060281771955,1.2156197750941473,1.9250400971247792,-1.3115712963566317,0.9401003294269121,1.5175408904220966,2.0772476295031037,0.5184530263630511,1.0809225952035633,0.8192192690658683
103817,589,2.5065945475439046,-1.272742977544449,,,-3.1786167609369076,1.6152165092747481,1.4770936304558306,-1.5870387161785027,,,-0.4677594154396183,0.143711392028841,0.14371139202894417,-1.3367565976427935,1.3921758676281786,-0.3134535778191496,0.1437113920288397,0.14371139202896369,0.11756464648566539,0.13909003840086576,0.0,0.0,0.38291876516597,-0.749715095886784,0.26239150499344077,0.20507771412651093,-1.0095604576715327,0.9651507887280152
90526,589,2.5699559573203273e-08,9.603414026570737e-09,0.0,-6.002269110745008e-14,0.5527072626759837,0.7548124582253171,-0.38644771764345515,0.5558603595264693,-1.371299514928132e-07,-5.131145277712998e-08,-0.19680973022235393,0.3676039554927942,0.3676039554928383,0.3801236294688489,0.17102566700998964,0.019317691722895547,-0.07126574253673575,-0.07126574253673451,0.39069364871217754,0.2988712090772915,0.0,0.0,0.2367547096432783,0.05060498960605069,-0.19356908686981197,0.06967513017527976,0.15487195121842479,0.4301450590463748
140308,580,,,0.0,4.557164389220109e-12,,,,,,,-1.7769979340606763,0.8653166479157393,0.8653166479155371,2.042725212928701,-3.437274186748671,1.3835590301549658,0.8653166479152998,0.8653166479155622,3.2172681564439785,-2.10664277292698,0.0,0.0,-1.3623879903443776,0.5454563904779944,1.52183028257502,-1.4407205699020602,1.484049044563984,0.0
122475,580,-0.3939537735148431,-0.500679369157914,0.0,-1.2166008090704719e-08,0.0020016400448345513,0.008130390344718632,,,1.7992940912190052e-06,2.421340395849293e-06,0.46171052758875775,0.64019016968264,0.6401901696826956,1.67539744027652,1.34633820325403,-0.5111486788467089,-0.9659527092569558,-0.9659527092569782,-0.5986573280362091,-0.3767068369418733,0.0,0.0,1.8170745349434605,-0.805692877318095,5.937866800621529,-0.6796620671574735,-3.534454273983796,-0.10930597239068986
152889,580,-1.0186256479571735e-07,-6.067205416828365e-08,0.0,0.0783107157469794,-1.8306292330952832e-10,-0.45816239375488044,,,,,0.1504481387073677,-0.6239801362059837,-0.6239801362060537,0.08733626636897977,0.2950634361380909,-0.2591208784685648,-0.8495689856260393,-0.8495689856259635,0.08733626636898095,-0.12320844209056989,0.0,0.0,-2.502849067482304,0.5278027389688986,1.150014331438665,-0.2212045786429268,0.6742815594136581,-1.8855655037767929
104519,580,-1.6442669493248505,-2.3483929228317346,0.0,5.96747952134653e-08,-1.1089336203099247,-2.5225240549508934,0.020456541481976273,-1.7903811133701992,1.7301123597930979e-07,1.6368555950087953,0.9485461066111835,-2.138352234507645,-2.1383522345077437,0.19254955055110506,-0.6615839767161261,-0.782686128000872,-0.16914357643693165,-0.16914357643699202,0.35634615984384416,-0.8924128424510448,0.0,0.0,-0.9297135062798257,-0.608976523518636,3.920331438421733,-0.15353354088185076,-1.5012989199442157,-0.64247665154244
123398,580,1.5950069482387084,-1.0175613901283869,0.0,-1.2163267737285893e-13,,,,,,,-1.130292495912344,0.4338808761493352,0.4338808761491431,-0.0968938911433468,-0.15545730610629097,1.5665799769022688,0.2488666231363485,0.2488666231363526,-0.09792507651652295,0.37610121697475546,0.0,0.0,1.265106129147119,0.15644182476312096,4.360380468273062,-5.505632380832577,-0.9941778192728616,3.1126403060031778
133167,579,-0.4437333250620593,2.853631844820895,0.0,0.02901872239081564,0.8906018317126213,-3.360817088529892,0.052573507624531134,1.1907425421844375,,,-0.7071495828459856,-2.7426043497946977,-2.7426043497948753,-0.5198215526787759,0.3041993693610505,1.7823921176274122,4.058718740042495,4.058718740042589,-0.5198215526787637,2.015618714623491,0.0,0.0,-1.821749955255411,-0.20484935351736597,3.5263136155172097,2.2011601603422473,3.394269560382695,-1.6902550603576638
150427,578,-0.9219808934580601,0.7202076165054951,,4.3755806950207695e-10,-0.9998265093434042,0.7333431441878817,-0.06952806532664592,0.2641440914762998,,,0.2298310280754963,0.9020039480351225,0.90200394803506,-0.1217106540567735,-0.06891059790423161,1.2893389201781198,-0.03786123769263555,-0.037861237692584024,-0.49444572527162683,-0.13712558336499228,0.0,0.0,1.3694348848029205,1.0203400682918256,-3.3882341806267435,0.3753466451991879,-0.6622390108441008,0.8794417369282592
83192,578,0.07955252842587991,-4.266345716959106,,,-1.2802967583068738,3.3064639200779644,4.692962890740741e-08,0.6801596612883412,,,5.53411597746005,1.0871331115604146,1.0871331115606206,-1.1561610257208954,4.13932194244648,-4.732858185286515,-1.2011550946090006,-1.2011550946089369,-1.1561610257207915,-2.420061265242571,0.0,0.0,4.562583187241771,-1.308772242993494,-1.8528140599417806,2.6307213862733816,3.207034883426013,5.237187954501928
106541,578,0.5187570120432259,-0.5550441436203728,0.0,1.6971815800647175e-09,1.1987537689623113,-0.6461118674212267,0.022994302294345608,-0.041562666473016575,-0.01664573092946445,0.6868469058800818,-1.1455191661746518,-1.043939578121908,-1.0439395781219736,-0.7009678276903697,0.6461084422786336,-1.0998744939439604,1.5357234828830897,1.5357234828831745,-0.4877662950435324,0.9309915833335146,0.0,0.0,-3.298508842950809,1.8450754296767504,-1.626625100153392,-2.193435698112856,0.8394369635738874,1.4232377044249764
148312,576,,,0.0,1.3196497813830143e-08,-2.3537696782940647,2.9610151813353416,0.058346042026213386,-2.1962748207124183,,,-1.7506877630702353,1.2662149299783694,1.2662149299783154,-0.6138794781648271,-0.8422804667155209,3.9024459566118184,1.1303866560661133,1.130386656066089,-0.6138794781648245,-0.28408581938796224,-2.644176948851188,0.0,0.3471592961836214,-0.10507846564148965,-0.6640581097621459,-0.12648853065793064,-0.4664634140475228,3.4678040124851806
132458,576,-0.8830574886964143,-0.23120786106383748,0.0,-2.4710004788265565e-09,1.3074883277508413,4.091618073925864,3.527341876914137,0.9637265468144965,,,-1.1848412313451393,0.4864958756858472,0.4864958756858184,-1.8364101284252405,-1.6860472643968274,-1.4160629163666993,0.4864958756855528,0.48649587568555364,2.1306219923707936,0.6153138418394365,-1.1624590712915004,0.8565987568855529,-1.3097274779276182,0.33732613745932527,1.5524950171548668,1.976968787699824,0.3968913623650172,-3.545372669994494
134286,576,-0.37465816417347103,-0.7596260638697386,0.0,2.239115042820493e-09,-1.414105973634076,2.4531262778298752,0.14854737220767367,0.12832857815714194,,,0.20307305315325613,0.29716116843373086,0.2971611684337345,-0.17046020852242413,0.8910478388360867,0.1480760586100092,0.9843331530418885,0.9843331530419985,-0.10617146444439439,0.8694097814484699,0.0,0.0,0.6552597321060755,-1.008353469402791,1.5248825013197793,1.1830105895403442,1.0946132977024041,-2.364094729359993
57026,576,,,,0.0,0.2852647449210861,1.752905029461448,-0.005052138447553935,0.23840671240165803,,,0.060553256012695414,-0.32407311370863234,-0.3240731137086616,0.12412324130184939,0.1662244178618406,0.4353653087255804,0.13900612193780124,0.13900612193768536,0.12412324130189072,0.27360174537876314,0.0,0.0,-0.7624460107583173,-0.4702632247693018,-0.763282019566353,0.052917723857191595,1.3643878040480486,-0.27498010984432397
67221,576,3.449542454454596e-08,2.86269951102425e-09,-1.7600163613113655,0.5588357451738415,0.6005786576793644,-0.2929441811921162,4.1049531384963924e-05,0.06730173294185256,,,0.1577897952740639,-0.02485053036271079,-0.02485053036321585,-0.46732570113196753,0.01947474729947429,0.23752013098895144,0.30765987510462267,0.30765987510519677,0.0045782663327604235,0.23555085940608367,0.0,0.0,-0.36165516727856245,-1.2729428314235942,-0.9119750859197562,-0.2076382779486949,0.030161952317769893,0.32483765806847564
124443,576,-0.5378089975175911,0.2809309972294828,0.0,-6.063397500342681e-10,-1.2119750875991884,3.6949797780387676,-2.4647009188739984e-11,2.0817156259852885,,,0.14497399437266936,1.2029592568497338,1.2029592568497527,-0.4625601370197415,0.10599721244448977,0.6163818002388333,1.2461878416727432,1.2461878416727394,-0.46256013701978016,0.137517886405743,0.0,0.0,0.11524523293937883,0.5605779174227318,-5.766193470181063,-5.637984870373785,-0.5813448805419219,0.28306076416698933
74527,570,2.545557591828576e-07,-1.1002261442483452e-09,-1.4447264294485629,0.0428133156349211,-4.099739494312033,-0.017414844743080148,0.22901278779819567,0.0020209689004922725,,,0.9492272094647316,0.24473713573587697,0.24473713573527817,-0.30849211231168355,0.11682691072470648,0.7545966923296439,-0.39742608807595897,-0.39742608807591995,-0.3084921123116843,0.026425036541128755,-3.0931002675065016,3.225987721006903,0.8167487797328785,0.2216283961759791,-0.9410440401008126,-0.434408951805313,0.7874173135053318,-1.2806504742640181
115100,570,0.011000029916720574,0.8665978862054888,,,-1.7146684232624532,-1.085428743000124,,,,,0.06218679801521862,1.0283478543639988,1.0283478543640123,-0.05962539476025519,1.1232378641427523,-0.5332248872364104,0.19154411042414726,0.19154411042408986,-0.338735417308534,-0.27937017373318646,0.0,0.0,1.0590963544887213,-1.1899789903495468,2.5645123911678045,-1.4319304834133086,-2.9916399735822803,1.1914501712628844
95830,570,-0.3512143763919659,-0.9728705606293221,0.0,3.9817027861537824,4.397757609004922,-0.8135049740449348,,,-1.8850626676698402e-06,1.40775808977328e-06,0.3979349897306063,-0.7971643413917173,-0.7971643413917555,0.0,1.1243358656858036,-1.0218418227498298,1.2700685607702187,1.2700685607702795,0.0,-0.5888426514437926,0.0,0.0,-0.011876983402119038,0.29946526635680276,-1.4600928035936078,3.415595367735852,5.040347425107717,-2.7710040482535554
78146,561,2.6900005816506367e-08,-0.41372874973934815,,0.0,-1.4316058472282999e-07,9.33046972730398e-08,-1.4316058472282999e-07,0.029578064500321206,,,0.23537335517106883,-0.520498793992613,-0.5204987939924176,-0.47427096666595814,-0.6538407010677969,-0.694992509957809,-0.5204987939926229,-0.5204987939925698,0.7421337413345901,-0.361598185097204,0.0,0.0,0.4308563555813376,1.213784947933359,1.501531109662753,-0.09772159565802843,-0.39617906061400415,0.4689624358088804
83143,561,0.11632904713925374,2.876624350214129,0.0,-1.2881041054688234,0.44883095207205786,-0.3369464783752784,,,,,-2.191078657864735,-3.2225709220041434,-3.2225709220039835,-1.88942341577782,-0.7646449111678381,2.283795190034078,2.8593080423453836,2.859308042345316,-2.20360250857021,3.2686968863598045,0.0,0.0,2.2524968063116084,-0.9416884567042543,4.784004680092215,-1.1124342242656642,-0.5000739657625161,-2.271328306610829
96295,561,-0.02205545063161395,-1.2935783401339906,,,1.4334330236953756,2.0884618381426634,1.6897151219466809e-09,8.19696252065205e-08,,,1.0498054777651795,0.1997721286160972,0.19977212861613075,2.9881328990134373,-0.5171754965331019,2.247963169681421,-1.0412036614982745,-1.0412036614983637,2.9881328990134635,0.3634164326681672,0.9804294558952917,-7.9743303390093265,3.343677818639924,3.3976268727978085,-0.13660501776753403,0.39592948635742625,-0.1628286748518046,-0.21635709991720672
108255,561,-1.9114327348533733,-0.5029034820305986,0.0,3.366819141285744e-10,-1.0339978280533912,1.6627037747062126,3.0274914331359457e-07,-4.2630512838915184e-07,,,-1.2866174729993103,0.152723701647966,0.15272370164802151,0.03664559812643731,-0.5890584748201032,-0.8063383410127187,-0.39903246806905956,-0.3990324680690104,0.03664559812643533,-0.4039754200794145,0.0,0.0,-0.34111348210020215,-0.014698745260116776,-2.0652903392262014,1.365119191423466,-0.5738655618769923,-0.013186914550510553
90905,561,,,0.0,-9.280209725288193e-10,-0.10484512914437838,2.4359366918353804,9.476651476974078e-08,-0.0918799918620376,,,-1.3264857051495493,-0.8159999222888314,-0.8159999222888884,0.0,2.073386303667941,-1.1840156032613285,0.33840236584077177,0.3384023658407312,0.0,0.3564285982150371,0.0,0.0,0.3347662013751195,-0.7445121144476646,0.07573895527291044,0.07573895527291068,0.07573895527291073,0.0
66260,561,0.27231866224695506,-0.3724851926679259,,-8.222822281613714e-11,-0.5119544028553263,0.3332123389182463,-0.031024264801962725,-0.24866062194315572,,,1.1055470307717994,-0.613508713924816,-0.6135087139248775,1.5862683566199536,0.49113412602934525,0.8663493506966276,-0.6135087139248704,-0.613508713924859,-1.4008902761965185,0.24288328911709722,0.0,0.0,0.49805351985588775,-1.8666268330610956,0.01451126408060714,0.4766882894460316,-0.4995091118353893,0.3146076157441838
91718,561,-0.13776260461184303,0.5844273980291912,,-7.268225864480535e-10,0.4440537887427108,-1.2226941658377324,-0.13888267690762665,0.5595103254727818,,,1.025284939560311,-0.11255760450494244,-0.11255760450516022,-0.23358401612383778,-0.5194160557309697,-0.44254181051768277,0.12155023067218292,0.12155023067259477,-0.10258936696325907,-0.8146103044287262,0.31527604426772504,-1.4334985447339574,-3.1123489564906053,-0.19205993757724701,-1.439606210339443,3.1397756793984413,0.9398714565386908,0.7070018142103148
159220,561,,,0.0,0.0,0.022683100556452635,1.233094982918701,0.0012432646389955852,0.20988418339820655,,,0.8122132645078055,-0.5334247863483006,-0.5334247863482655,0.6927532706723818,-1.6776796486992656,-0.11578675824732217,-0.533424786348291,-0.5334247863482996,0.6930401141477827,0.2727361527200954,0.0,0.0,-0.12902285263472982,0.7279935724603364,0.6323121593856755,-0.846356155578993,0.9286815794759565,0.38538911402171444
88978,561,-2.4301645483551554e-07,3.837920379614116e-06,0.0,-5.178511472497257e-07,3.6454605048994724,-3.6714934702870536,-1.8368603678564397,-2.4291898424006173,,,-0.5490430879891642,1.1590837747367053,1.159083774736702,-1.2181131122206177,0.27395631570931517,-1.05975883006025,1.3457754158270279,1.3457754158270847,1.406121472859037,0.021846755201025414,0.0,0.0,0.41005799264251236,0.7231388998214587,-3.1567442024436487,-0.5346233719880468,-2.186059410555983,3.5928024827807183
155031,561,8.557984159901263e-08,-7.805072021771384e-07,0.0,0.0,-1.3414246001295365,8.517032643379192,0.09007961930060553,-1.077455894699473,,,2.4426890883846495,-1.6666228735755408,-1.666622873575612,0.21011701715631925,2.163121738958172,-0.08564476611609353,-0.7071604865560269,-0.7071604865561534,-0.5702504100619338,-0.8614715787617223,0.0,0.0,0.45698121021799326,0.12040089170345566,1.9409013229961767,6.108754243657226,3.7031937572747315,-7.351450022820136
89138,560,-0.7200997769698232,-1.835285181773311,,0.0,1.3157590423164858,-3.9614385057508823,0.10498379114852993,0.25268763091851143,,,1.1504303637227382,2.4454345795272623,2.4454345795273413,-2.4857726657773576,-1.887742496494168,-2.625696283069342,-2.1566780633371674,-2.1566780633370612,1.5559671877310073,1.4774957233871504,0.0,0.0,-1.2857388220733816,0.6416619794246085,-6.668676549810771,-0.7889581321444825,-1.5615966477524827,0.9588746286980399
113449,560,,,0.0,1.9232556253057365e-12,,,,,,,0.727832042818985,-0.14241248441442386,-0.1424124844143864,0.18035074464029266,-0.18122942776720058,-0.04248273002832325,0.9374214795158156,0.9374214795156169,0.18035074464028245,-0.5407812138975275,0.0,0.0,7.110602786111933e-11,0.0,0.0,0.0,0.0,0.0
88236,560,-3.5477335110606907,2.2609780381605846,,,0.5597254903481956,-0.5999382996152847,,,,,-1.4813235943484808,0.35544267323004913,0.3554426732300844,0.4665168613952549,-0.1767241114239085,0.06262057316371411,-1.4531950260158457,-1.4531950260159714,0.4665168613953116,-0.04383076222858149,0.0,0.0,0.0737761221741129,1.1523921616483253,0.3221747328368751,-1.2319650810436962,-1.0804055800581847,-1.7521338147302858
155527,560,,,,0.0,0.0,1.5713737281087257,,,,,1.218849536240639,-0.30756920837012275,-0.30756920837031965,-0.1592829597794411,0.12031617245719244,-1.0426593044590333,0.4293786320928666,0.42937863209290017,-0.15928295977942775,-0.040096628601135484,0.0,0.0,2.746852921040549,0.4062193112663632,0.4922192152222704,-0.061425900771725134,-0.3436398606139055,-0.08258966474362082
83628,560,,,,1.74655140441136e-09,3.575637187721972,7.51496014749607,-1.0190451819848275e-07,-1.2731789395891306,,,0.6152365038157039,0.726994836450936,0.7269948364509289,-0.28888199371338263,0.5212553932979567,-0.08798464214749588,-0.8142772256814005,-0.8142772256813878,-0.2888819937133821,-0.18066122918272434,0.0,0.0,1.0131259615814707e-06,0.0,-1.5227503022754967,0.5493170775378869,1.120600624179388,-1.0296884778009106
112971,560,,,0.0,2.827173702333912e-12,2.1754962377100292e-07,2.8560018829342342e-06,-2.8289238003129237e-06,-6.311863898279025e-06,-3.5888764458313324e-06,7.08120197489722e-06,-0.3278537922351124,0.00676291879281492,0.0067629187927751395,1.1835837016875042,1.2213335456595453,-0.7172949967164867,0.006762918792740821,0.00676291879275072,-1.3557176754708926,0.6988074658743115,0.0,0.0,0.507723464277285,1.4975080197572266,-2.1008578748407736,-4.641425027854159,1.008232957862304,0.09667483864519821
126986,560,-0.8965792954663147,-1.1699337376493228,0.0,2.2508556617847423e-10,-1.1366082215976436,0.9920811828979786,-2.7190506047933247e-08,-0.18283513976149302,,,-0.8656544238698768,0.20017704268893224,0.20017704268893108,0.8630357014806158,1.518906106050117,-0.31470753500263937,0.235486056740465,0.23548605674044296,0.6855502241125913,2.1414330651225,0.3257948625514423,0.3257948625514454,0.9790978717983012,-0.5427846153921211,-0.8976038934452992,-0.9521807987840241,2.9948553547877586,0.5246647938233028
84043,558,,,0.0,0.32729224711736593,-5.182623961192044,-6.4611939260082965,-0.43781608279113765,-0.3404336410843977,,,-1.043298524582595,-0.27496214603901054,-0.27496214603905444,0.0,1.67017249147761,-1.144804574946376,0.6749989024782219,0.6749989024782455,0.0,0.49868638613450356,0.0,0.0,1.0831351844294765,3.404118855664982,0.5173004966697565,4.030089655573878,-1.8364941494128053,0.0
79100,558,1.921713002294673,-2.8547882514803127,0.0,3.697332724120872e-13,-3.138259199265268,0.09392395767464218,0.9000100486665712,-0.011489817362904131,2.708663551227935e-08,-3.016527426695749e-08,-0.6687296943431661,-0.10380232290928217,-0.10380232290904082,0.676380787038405,-0.7555018049429026,-0.7755393633697588,-0.42190089298206335,-0.4219008929820165,0.6763807870384029,-0.7791574208809311,0.16383957930727672,0.38250331738656507,-0.4661437191433815,1.386637019842988,0.06688335789524777,0.8413254537487401,0.9528558874981483,-0.8675713205632043
141779,558,2.613483290558535e-09,-2.004286579504908e-08,,0.0,-0.23865604583892638,1.4352554872409133,7.981764678520174e-09,-0.032260139762272905,,,0.30392520541517354,-0.005571338941019038,-0.005571338940986603,0.21873570602156406,-0.07218337134340234,-0.6537888942200973,-0.005571338941028491,-0.005571338941036251,0.08812402252425393,-0.2152371989940965,0.0,0.0,1.0236002809691307,-0.025498656619476694,-1.726065612245097,1.8022130252995099,-0.5751764854075003,-1.5329104119082844
152447,558,0.01730493954148451,-0.006005146640009479,,-0.37614315496883244,-1.2080500001314096,0.4321070559692791,-5.0770514401721504e-08,2.9348037943303073e-08,2.8047772693453467e-08,0.9294274228302825,-0.5816421867443696,-0.09967951661694058,-0.09967951661694481,0.08546052382774809,0.2671799425922657,1.6420190966832209,-0.09967951661698474,-0.09967951661698528,0.0796600811651017,0.9158765298171402,0.0,0.0,0.8946699222901692,0.6358970926437688,-0.2547149052664879,0.19188920821066754,1.0144900488387734,-1.636420459307637
149136,551,,,0.0,0.0,2.8493133157367876e-12,2.201828001126387e-12,,,,,0.49808193461311834,0.9802383111833674,0.9802383111833711,-0.30143352898152925,-0.7387460255920497,0.7497564284231971,0.9802383111833934,0.9802383111832907,-1.5989438117670378,-1.8385165147236289,0.0,0.0,,,2.315558260551351,1.241623997303771,-0.20878056727278566,-0.22279771725285466
46637,546,1.1637342466251444,-0.08762347136163291,0.0,-0.07876193415935417,1.3092559308960803e-10,0.35128740818425025,,,,,-0.5029561739578038,1.7703011056537532,1.770301105653692,0.5529226207567188,2.0993371716396516,0.22622712604762643,-3.838718861360614,-3.838718861360498,0.552922620756709,0.5518401895543021,0.0,0.0,-4.781207087977077,4.339332979660294,3.1030894214159632,2.9792965995141145,3.89276436114133,2.035825379992207
49292,546,1.4161180435381838e-07,-9.363786480047938e-07,0.0,0.0,0.0,0.0,,,,,-1.4095869083025718,0.08713993550033547,0.08713993550032072,-0.3693097068922305,-0.047768307317287914,-0.5548007717338133,0.10073848492882898,0.10073848492883625,-0.36930970689224185,0.15053832422834554,-1.5999768943153099,0.41820400531055024,-0.29672485857533704,-1.0873086817652626,0.5038598514282818,2.7463246155477354,3.0384674957215245,-4.038680637999875
132727,546,-1.2437503186172916e-05,-1.3310382114515825e-06,0.654080686836723,1.1191698208415581,0.4366763227927818,0.3675422572194348,0.6256901970229481,0.06645113211132864,,,0.4355639901753348,-0.7181416649931895,-0.7181416649932426,-0.4697003174186516,1.2535289756768053,0.7010643079940234,0.8948862650148357,0.8948862650148844,0.6565596958014973,1.152651386950906,0.0,0.0,-0.04058944002111891,0.3004670462893832,0.8649055365149622,-1.469890335558901,-1.4266697647923035,2.1821574810372457
90068,546,-2.9821445187530747e-06,-1.1555691483542816e-06,0.0,-9.742028191592149e-11,-1.6881382975743486,-0.48901849818238896,,,1.0129203493372374,1.8861152344483183,-0.5845409306011923,0.7167390968865084,0.7167390968864752,-0.11566159716480852,-0.025977491026796917,-0.5363836158320254,0.7167390968865361,0.7167390968863949,1.3681898096499499,0.7624882741007825,0.0,0.0,-0.04494295572715081,-0.5089956869483819,4.384761622488592,-4.524528242629731,-3.552280232572904,7.260009021646469
161014,544,2.508441711942923e-06,3.4166478044769004e-05,0.0,-2.1655233289717383e-09,0.0,6.214014193408583e-10,,,,,-1.1987921225249816,-2.783154906088308,-2.783154906088248,-4.104712182079623,0.8478648000420894,-1.1978038870118926,2.4087840437171013,2.408784043716986,3.0479694777319004,1.529920361067177,0.0,0.0,0.38148841439166276,0.16344105917487753,0.3581941784460365,-4.519945643228426,-4.017379541611422,3.4820541224573223
99999,544,-4.909583362855155,1.683095764364558,0.0,-2.9394803483682233e-09,0.7679277614723607,0.42804689431590837,-0.35941006047518675,0.16823143938655732,,,-0.012724966905533902,-0.04125409125281527,-0.04125409125285534,0.13804963649285784,-0.05836150468031443,0.35186008277315833,-0.349174569223235,-0.3491745692231377,0.13804963649297997,-0.0342591202025789,0.8497085380322883,0.264353135639026,-1.6733330373246036,2.982182014063387,5.747238409700842,-0.6535208545870371,-0.38929613574344557,-0.04342854848379351
152267,544,0.14778116341159622,5.004668938341659,0.0,0.0,0.0,4.174524874235939,0.0,3.0518019221955905e-10,,,0.6576974356999155,0.2514529795378381,0.2514529795377122,1.1313363914248227,-1.2796790324122487,3.0945473466850286,-0.858381571245597,-0.8583815712455451,-1.242996330518676,-0.24714134744678345,0.0,0.0,1.8408251895519838,0.13112004507197014,2.4659719771721,0.12626482972094893,0.2547462458504758,1.307535810340716
101477,544,-2.2715718150863334e-09,0.938179643092523,,-1.495902375080727e-08,-0.027672333062155476,3.1377581920991813,1.4339286113693445e-10,-2.378775816132951,,,0.2988716636600204,0.17597365989721883,0.17597365989709968,-1.5613563319709807,-2.2640492355475264,0.17472448343931196,0.17597365989694422,0.17597365989719257,3.1480317239500026,0.30182285777081036,0.0,0.0,1.6549127851311327,1.336209599156889,-0.3665667340678455,-0.31467300882920735,-0.2220534435246639,1.2587192530934683
91881,544,5.652753693531682e-07,-0.7081909109091564,,0.9076940974510328,1.6970277262608267,-5.566704078017712,-0.4867049093026003,-0.27631475741232187,,,3.376013043005502,-5.441946015890956,-5.44194601589108,-0.007452792658210925,-1.513632125114981,-2.653406147635529,5.999864527776957,5.999864527776933,-0.0074527926581355215,-1.5646293594119263,-5.867644993986511,5.269375120243268,0.6776610242724113,0.1960454505411101,-3.0152140259155793,-7.276064122288434,-3.5549653300599915,0.8123474152022544
124450,544,0.5243030386124563,-2.201064198733026,0.0,1.7193527935981187e-09,-0.8846267671357582,2.3255391119382804,-0.08484192433505548,0.3014628501083684,,,-2.6268163217355007,-2.1764829435416218,-2.176482943541748,0.6496850041602747,-0.6256807995499969,0.06681365008080543,-3.1220499901258565,-3.1220499901258907,0.4644809940764226,-0.25648386503560633,-0.342821746398352,-0.34282174639835583,-0.5118488834015987,-0.9517356593089079,1.5788668024710157,-1.8030554933275242,-0.09395570425263292,-1.143722652807358
92786,544,0.18059926835809528,-1.7134208658671954,,,-1.6400163123348586,-10.972210644466006,-0.033684590594974854,0.31937260559972336,,,-0.32642765246972305,1.2155482154081148,1.2155482154077573,2.9727792168092666,-1.6839276389750217,-0.8868779084269588,-1.046099851699602,-1.0460998516996987,2.9727792168091804,-1.767135530354168,0.0,0.0,-9.221611062444952,3.9257187957258664,1.0240654294615656,-0.12131196748169133,0.2963616274820776,-4.406483727530701
152877,544,0.0,,0.0,3.551522389206098e-14,1.955422781402232,-0.3441586460389716,-0.37860695578587156,-0.8626911182138517,,,-0.6829388902977077,0.2727433732869704,0.27274337328700404,-1.8421229021690573,1.0818462165989473,1.1440997777055677,-0.4808506315265429,-0.480850631526579,-1.8421229021690728,1.02005165459858,-1.256714352997496,3.4983352771562912,-2.0139770553084673,-1.4258504601203394,1.5951333347582553,-1.7524611515298691,-1.8454450717770734,0.1404149751886944
155557,544,-0.39645564434378455,-0.7864719129286202,,-7.12465257599506e-10,1.1210603268196853,-2.097011048690019,0.04973841039341569,0.7471866621032862,,,-0.9128956099798305,0.14075321298032392,0.1407532129802815,0.24432870497898523,-0.09353922574208655,1.5223178377769615,0.14075321298034518,0.14075321298033,-1.4994495376108763,0.07655864068910567,0.0,0.0,1.3752185974559898,1.26448863591124,-0.11917658014819096,-0.21761534464537322,-0.29047792283693225,0.15662522135453513
89146,544,-0.4574782925610883,-0.2885480283099562,0.0,-2.1507403202146027,-1.561974467813678,0.5721657025202542,,,,,1.0754719087413132,0.026681726562822,0.026681726562769598,-0.4708989727503797,0.7116000980741063,0.5973395647746522,-0.030405315153738992,-0.030405315153854324,-0.47089897275040166,0.30412464195315947,-3.160288402039432,3.1072896007783224,1.990980179176987,-1.4836933722344157,-0.48279883501204074,-0.424180940189403,0.8238439910853544,-0.34705393818568975
88659,544,-1.3426864393742221e-08,6.776352856618633e-08,,-3.0409780668648945,0.021720173853260052,-0.3653676028133999,0.02172017385326012,0.10572470225469079,,,0.16110950546588093,-0.49019000616734837,-0.4901900061676715,0.287936070174398,-0.40993549065914825,-0.40736890651040203,0.42353051686037424,0.42353051686072796,0.2879360701744216,-0.5598001258957634,7.4015233719020035,-5.962334228737377,-2.343917696984243,3.5465328244927874,1.577536907316131,-3.2628915558623968,0.5834136174314404,-0.1857514383951395
90508,544,-1.2554837793796643,-1.9503873501205478,,,6.243215574002279,-3.6565483480143017,0.7078710649575959,1.4205418218431143,,,-1.0022460245758964,-0.4024755650274846,-0.4024755650272789,-1.992939881816703,1.7036751630207687,-0.4823474658491398,-0.40396559810515426,-0.4039655981054372,-1.9929398818166657,2.041578893062237,0.0,0.0,-0.7797101679383345,-0.17538512384570634,-1.2666504444219806,-3.0692967624808833,-3.7732152617315404,4.207140618640201
91930,544,0.0,,,0.19918128104758587,1.8148973635291825,0.6048719782484578,5.0934097505498125e-08,-0.5098819797481445,,,1.2521866603193403,-0.0852024620047272,-0.08520246200470546,0.47067560102787254,-0.6830416989048594,-0.29182972644356286,-0.6244013801798544,-0.6244013801800539,0.47067560102787404,0.12119604803322623,0.0,0.0,-0.19470521059127102,-0.2453248836879649,1.4058290451119344,-1.9059414138104622,-1.2812931147581788,1.1577294315740478
123283,544,1.2755567363868906e-12,-0.22798936460561117,0.0,0.38085258396637284,-0.0320917954683694,-0.05884162923397456,0.0,1.5696737928037647,,,-1.3184506865575434,1.291520696947706,1.2915206969477153,0.9389572856156307,0.34122632599747904,-1.1469190979785688,1.2799350422521338,1.2799350422521787,0.9389572856155962,0.1279483804882047,0.0,0.0,1.6572814600492025,2.323005252553501,5.427972552962204,-0.9076859093978396,0.7045432244003865,0.8419545255468944
